Index,Date,Passenger Rail Passengers,Passenger Rail Passenger Miles,Passenger Rail Total Train Miles,Passenger Rail Employee Hours Worked,Passenger Rail Yard Switching Miles,Passenger Rail Total Reports
0,1/1/1947 0:00,,,,,,
1,2/1/1947 0:00,,,,,,
2,3/1/1947 0:00,,,,,,
3,4/1/1947 0:00,,,,,,
4,5/1/1947 0:00,,,,,,
5,6/1/1947 0:00,,,,,,
6,7/1/1947 0:00,,,,,,
7,8/1/1947 0:00,,,,,,
8,9/1/1947 0:00,,,,,,
9,10/1/1947 0:00,,,,,,
10,11/1/1947 0:00,,,,,,
11,12/1/1947 0:00,,,,,,
12,1/1/1948 0:00,,,,,,
13,2/1/1948 0:00,,,,,,
14,3/1/1948 0:00,,,,,,
15,4/1/1948 0:00,,,,,,
16,5/1/1948 0:00,,,,,,
17,6/1/1948 0:00,,,,,,
18,7/1/1948 0:00,,,,,,
19,8/1/1948 0:00,,,,,,
20,9/1/1948 0:00,,,,,,
21,10/1/1948 0:00,,,,,,
22,11/1/1948 0:00,,,,,,
23,12/1/1948 0:00,,,,,,
24,1/1/1949 0:00,,,,,,
25,2/1/1949 0:00,,,,,,
26,3/1/1949 0:00,,,,,,
27,4/1/1949 0:00,,,,,,
28,5/1/1949 0:00,,,,,,
29,6/1/1949 0:00,,,,,,
30,7/1/1949 0:00,,,,,,
31,8/1/1949 0:00,,,,,,
32,9/1/1949 0:00,,,,,,
33,10/1/1949 0:00,,,,,,
34,11/1/1949 0:00,,,,,,
35,12/1/1949 0:00,,,,,,
36,1/1/1950 0:00,,,,,,
37,2/1/1950 0:00,,,,,,
38,3/1/1950 0:00,,,,,,
39,4/1/1950 0:00,,,,,,
40,5/1/1950 0:00,,,,,,
41,6/1/1950 0:00,,,,,,
42,7/1/1950 0:00,,,,,,
43,8/1/1950 0:00,,,,,,
44,9/1/1950 0:00,,,,,,
45,10/1/1950 0:00,,,,,,
46,11/1/1950 0:00,,,,,,
47,12/1/1950 0:00,,,,,,
48,1/1/1951 0:00,,,,,,
49,2/1/1951 0:00,,,,,,
50,3/1/1951 0:00,,,,,,
51,4/1/1951 0:00,,,,,,
52,5/1/1951 0:00,,,,,,
53,6/1/1951 0:00,,,,,,
54,7/1/1951 0:00,,,,,,
55,8/1/1951 0:00,,,,,,
56,9/1/1951 0:00,,,,,,
57,10/1/1951 0:00,,,,,,
58,11/1/1951 0:00,,,,,,
59,12/1/1951 0:00,,,,,,
60,1/1/1952 0:00,,,,,,
61,2/1/1952 0:00,,,,,,
62,3/1/1952 0:00,,,,,,
63,4/1/1952 0:00,,,,,,
64,5/1/1952 0:00,,,,,,
65,6/1/1952 0:00,,,,,,
66,7/1/1952 0:00,,,,,,
67,8/1/1952 0:00,,,,,,
68,9/1/1952 0:00,,,,,,
69,10/1/1952 0:00,,,,,,
70,11/1/1952 0:00,,,,,,
71,12/1/1952 0:00,,,,,,
72,1/1/1953 0:00,,,,,,
73,2/1/1953 0:00,,,,,,
74,3/1/1953 0:00,,,,,,
75,4/1/1953 0:00,,,,,,
76,5/1/1953 0:00,,,,,,
77,6/1/1953 0:00,,,,,,
78,7/1/1953 0:00,,,,,,
79,8/1/1953 0:00,,,,,,
80,9/1/1953 0:00,,,,,,
81,10/1/1953 0:00,,,,,,
82,11/1/1953 0:00,,,,,,
83,12/1/1953 0:00,,,,,,
84,1/1/1954 0:00,,,,,,
85,2/1/1954 0:00,,,,,,
86,3/1/1954 0:00,,,,,,
87,4/1/1954 0:00,,,,,,
88,5/1/1954 0:00,,,,,,
89,6/1/1954 0:00,,,,,,
90,7/1/1954 0:00,,,,,,
91,8/1/1954 0:00,,,,,,
92,9/1/1954 0:00,,,,,,
93,10/1/1954 0:00,,,,,,
94,11/1/1954 0:00,,,,,,
95,12/1/1954 0:00,,,,,,
96,1/1/1955 0:00,,,,,,
97,2/1/1955 0:00,,,,,,
98,3/1/1955 0:00,,,,,,
99,4/1/1955 0:00,,,,,,
100,5/1/1955 0:00,,,,,,
101,6/1/1955 0:00,,,,,,
102,7/1/1955 0:00,,,,,,
103,8/1/1955 0:00,,,,,,
104,9/1/1955 0:00,,,,,,
105,10/1/1955 0:00,,,,,,
106,11/1/1955 0:00,,,,,,
107,12/1/1955 0:00,,,,,,
108,1/1/1956 0:00,,,,,,
109,2/1/1956 0:00,,,,,,
110,3/1/1956 0:00,,,,,,
111,4/1/1956 0:00,,,,,,
112,5/1/1956 0:00,,,,,,
113,6/1/1956 0:00,,,,,,
114,7/1/1956 0:00,,,,,,
115,8/1/1956 0:00,,,,,,
116,9/1/1956 0:00,,,,,,
117,10/1/1956 0:00,,,,,,
118,11/1/1956 0:00,,,,,,
119,12/1/1956 0:00,,,,,,
120,1/1/1957 0:00,,,,,,
121,2/1/1957 0:00,,,,,,
122,3/1/1957 0:00,,,,,,
123,4/1/1957 0:00,,,,,,
124,5/1/1957 0:00,,,,,,
125,6/1/1957 0:00,,,,,,
126,7/1/1957 0:00,,,,,,
127,8/1/1957 0:00,,,,,,
128,9/1/1957 0:00,,,,,,
129,10/1/1957 0:00,,,,,,
130,11/1/1957 0:00,,,,,,
131,12/1/1957 0:00,,,,,,
132,1/1/1958 0:00,,,,,,
133,2/1/1958 0:00,,,,,,
134,3/1/1958 0:00,,,,,,
135,4/1/1958 0:00,,,,,,
136,5/1/1958 0:00,,,,,,
137,6/1/1958 0:00,,,,,,
138,7/1/1958 0:00,,,,,,
139,8/1/1958 0:00,,,,,,
140,9/1/1958 0:00,,,,,,
141,10/1/1958 0:00,,,,,,
142,11/1/1958 0:00,,,,,,
143,12/1/1958 0:00,,,,,,
144,1/1/1959 0:00,,,,,,
145,2/1/1959 0:00,,,,,,
146,3/1/1959 0:00,,,,,,
147,4/1/1959 0:00,,,,,,
148,5/1/1959 0:00,,,,,,
149,6/1/1959 0:00,,,,,,
150,7/1/1959 0:00,,,,,,
151,8/1/1959 0:00,,,,,,
152,9/1/1959 0:00,,,,,,
153,10/1/1959 0:00,,,,,,
154,11/1/1959 0:00,,,,,,
155,12/1/1959 0:00,,,,,,
156,1/1/1960 0:00,,,,,,
157,2/1/1960 0:00,,,,,,
158,3/1/1960 0:00,,,,,,
159,4/1/1960 0:00,,,,,,
160,5/1/1960 0:00,,,,,,
161,6/1/1960 0:00,,,,,,
162,7/1/1960 0:00,,,,,,
163,8/1/1960 0:00,,,,,,
164,9/1/1960 0:00,,,,,,
165,10/1/1960 0:00,,,,,,
166,11/1/1960 0:00,,,,,,
167,12/1/1960 0:00,,,,,,
168,1/1/1961 0:00,,,,,,
169,2/1/1961 0:00,,,,,,
170,3/1/1961 0:00,,,,,,
171,4/1/1961 0:00,,,,,,
172,5/1/1961 0:00,,,,,,
173,6/1/1961 0:00,,,,,,
174,7/1/1961 0:00,,,,,,
175,8/1/1961 0:00,,,,,,
176,9/1/1961 0:00,,,,,,
177,10/1/1961 0:00,,,,,,
178,11/1/1961 0:00,,,,,,
179,12/1/1961 0:00,,,,,,
180,1/1/1962 0:00,,,,,,
181,2/1/1962 0:00,,,,,,
182,3/1/1962 0:00,,,,,,
183,4/1/1962 0:00,,,,,,
184,5/1/1962 0:00,,,,,,
185,6/1/1962 0:00,,,,,,
186,7/1/1962 0:00,,,,,,
187,8/1/1962 0:00,,,,,,
188,9/1/1962 0:00,,,,,,
189,10/1/1962 0:00,,,,,,
190,11/1/1962 0:00,,,,,,
191,12/1/1962 0:00,,,,,,
192,1/1/1963 0:00,,,,,,
193,2/1/1963 0:00,,,,,,
194,3/1/1963 0:00,,,,,,
195,4/1/1963 0:00,,,,,,
196,5/1/1963 0:00,,,,,,
197,6/1/1963 0:00,,,,,,
198,7/1/1963 0:00,,,,,,
199,8/1/1963 0:00,,,,,,
200,9/1/1963 0:00,,,,,,
201,10/1/1963 0:00,,,,,,
202,11/1/1963 0:00,,,,,,
203,12/1/1963 0:00,,,,,,
204,1/1/1964 0:00,,,,,,
205,2/1/1964 0:00,,,,,,
206,3/1/1964 0:00,,,,,,
207,4/1/1964 0:00,,,,,,
208,5/1/1964 0:00,,,,,,
209,6/1/1964 0:00,,,,,,
210,7/1/1964 0:00,,,,,,
211,8/1/1964 0:00,,,,,,
212,9/1/1964 0:00,,,,,,
213,10/1/1964 0:00,,,,,,
214,11/1/1964 0:00,,,,,,
215,12/1/1964 0:00,,,,,,
216,1/1/1965 0:00,,,,,,
217,2/1/1965 0:00,,,,,,
218,3/1/1965 0:00,,,,,,
219,4/1/1965 0:00,,,,,,
220,5/1/1965 0:00,,,,,,
221,6/1/1965 0:00,,,,,,
222,7/1/1965 0:00,,,,,,
223,8/1/1965 0:00,,,,,,
224,9/1/1965 0:00,,,,,,
225,10/1/1965 0:00,,,,,,
226,11/1/1965 0:00,,,,,,
227,12/1/1965 0:00,,,,,,
228,1/1/1966 0:00,,,,,,
229,2/1/1966 0:00,,,,,,
230,3/1/1966 0:00,,,,,,
231,4/1/1966 0:00,,,,,,
232,5/1/1966 0:00,,,,,,
233,6/1/1966 0:00,,,,,,
234,7/1/1966 0:00,,,,,,
235,8/1/1966 0:00,,,,,,
236,9/1/1966 0:00,,,,,,
237,10/1/1966 0:00,,,,,,
238,11/1/1966 0:00,,,,,,
239,12/1/1966 0:00,,,,,,
240,1/1/1967 0:00,,,,,,
241,2/1/1967 0:00,,,,,,
242,3/1/1967 0:00,,,,,,
243,4/1/1967 0:00,,,,,,
244,5/1/1967 0:00,,,,,,
245,6/1/1967 0:00,,,,,,
246,7/1/1967 0:00,,,,,,
247,8/1/1967 0:00,,,,,,
248,9/1/1967 0:00,,,,,,
249,10/1/1967 0:00,,,,,,
250,11/1/1967 0:00,,,,,,
251,12/1/1967 0:00,,,,,,
252,1/1/1968 0:00,,,,,,
253,2/1/1968 0:00,,,,,,
254,3/1/1968 0:00,,,,,,
255,4/1/1968 0:00,,,,,,
256,5/1/1968 0:00,,,,,,
257,6/1/1968 0:00,,,,,,
258,7/1/1968 0:00,,,,,,
259,8/1/1968 0:00,,,,,,
260,9/1/1968 0:00,,,,,,
261,10/1/1968 0:00,,,,,,
262,11/1/1968 0:00,,,,,,
263,12/1/1968 0:00,,,,,,
264,1/1/1969 0:00,,,,,,
265,2/1/1969 0:00,,,,,,
266,3/1/1969 0:00,,,,,,
267,4/1/1969 0:00,,,,,,
268,5/1/1969 0:00,,,,,,
269,6/1/1969 0:00,,,,,,
270,7/1/1969 0:00,,,,,,
271,8/1/1969 0:00,,,,,,
272,9/1/1969 0:00,,,,,,
273,10/1/1969 0:00,,,,,,
274,11/1/1969 0:00,,,,,,
275,12/1/1969 0:00,,,,,,
276,1/1/1970 0:00,,,,,,
277,2/1/1970 0:00,,,,,,
278,3/1/1970 0:00,,,,,,
279,4/1/1970 0:00,,,,,,
280,5/1/1970 0:00,,,,,,
281,6/1/1970 0:00,,,,,,
282,7/1/1970 0:00,,,,,,
283,8/1/1970 0:00,,,,,,
284,9/1/1970 0:00,,,,,,
285,10/1/1970 0:00,,,,,,
286,11/1/1970 0:00,,,,,,
287,12/1/1970 0:00,,,,,,
288,1/1/1971 0:00,,,,,,
289,2/1/1971 0:00,,,,,,
290,3/1/1971 0:00,,,,,,
291,4/1/1971 0:00,,,,,,
292,5/1/1971 0:00,,,,,,
293,6/1/1971 0:00,,,,,,
294,7/1/1971 0:00,,,,,,
295,8/1/1971 0:00,,,,,,
296,9/1/1971 0:00,,,,,,
297,10/1/1971 0:00,,,,,,
298,11/1/1971 0:00,,,,,,
299,12/1/1971 0:00,,,,,,
300,1/1/1972 0:00,,,,,,
301,2/1/1972 0:00,,,,,,
302,3/1/1972 0:00,,,,,,
303,4/1/1972 0:00,,,,,,
304,5/1/1972 0:00,,,,,,
305,6/1/1972 0:00,,,,,,
306,7/1/1972 0:00,,,,,,
307,8/1/1972 0:00,,,,,,
308,9/1/1972 0:00,,,,,,
309,10/1/1972 0:00,,,,,,
310,11/1/1972 0:00,,,,,,
311,12/1/1972 0:00,,,,,,
312,1/1/1973 0:00,,,,,,
313,2/1/1973 0:00,,,,,,
314,3/1/1973 0:00,,,,,,
315,4/1/1973 0:00,,,,,,
316,5/1/1973 0:00,,,,,,
317,6/1/1973 0:00,,,,,,
318,7/1/1973 0:00,,,,,,
319,8/1/1973 0:00,,,,,,
320,9/1/1973 0:00,,,,,,
321,10/1/1973 0:00,,,,,,
322,11/1/1973 0:00,,,,,,
323,12/1/1973 0:00,,,,,,
324,1/1/1974 0:00,,,,,,
325,2/1/1974 0:00,,,,,,
326,3/1/1974 0:00,,,,,,
327,4/1/1974 0:00,,,,,,
328,5/1/1974 0:00,,,,,,
329,6/1/1974 0:00,,,,,,
330,7/1/1974 0:00,,,,,,
331,8/1/1974 0:00,,,,,,
332,9/1/1974 0:00,,,,,,
333,10/1/1974 0:00,,,,,,
334,11/1/1974 0:00,,,,,,
335,12/1/1974 0:00,,,,,,
336,1/1/1975 0:00,0,2624696,4134425,1501878,0,2
337,2/1/1975 0:00,0,2275826,3600736,1371524,0,2
338,3/1/1975 0:00,0,2520943,4067192,1516787,0,2
339,4/1/1975 0:00,0,2478477,4000157,1583115,0,2
340,5/1/1975 0:00,0,2561119,4050197,1544540,0,2
341,6/1/1975 0:00,0,2549572,4013103,1639952,0,2
342,7/1/1975 0:00,0,2641537,4050570,1760248,0,2
343,8/1/1975 0:00,0,2653549,4075438,1678639,0,2
344,9/1/1975 0:00,0,2463992,4012156,1621803,0,2
345,10/1/1975 0:00,0,2487430,3819751,1506077,0,2
346,11/1/1975 0:00,0,2476125,3650153,1497704,0,2
347,12/1/1975 0:00,0,2677458,4840304,1793002,0,2
348,1/1/1976 0:00,996828,202351881,2273275,3548703,0,2
349,2/1/1976 0:00,887277,164519889,2251815,2916547,0,2
350,3/1/1976 0:00,1056631,201489751,2251815,3192050,0,2
351,4/1/1976 0:00,1152911,238652605,2251815,3190463,0,2
352,5/1/1976 0:00,1149155,216748268,2216552,3193174,0,2
353,6/1/1976 0:00,1160478,268086916,2216552,2107084,0,2
354,7/1/1976 0:00,1222553,326045324,2216552,2066915,0,2
355,8/1/1976 0:00,1266288,330319599,2216552,2034382,0,2
356,9/1/1976 0:00,1008553,197915221,2393205,2081699,0,2
357,10/1/1976 0:00,1012449,183965385,2479727,1908199,0,2
358,11/1/1976 0:00,1072691,197218172,2479727,1606059,0,2
359,12/1/1976 0:00,1105820,239325713,2479727,1782476,0,2
360,1/1/1977 0:00,1437596,291825616,2307894,3589989,0,2
361,2/1/1977 0:00,1279606,237265489,2286107,2950478,0,2
362,3/1/1977 0:00,1523842,290582278,2286107,3229187,0,2
363,4/1/1977 0:00,1662694,344177395,2286107,3227581,0,2
364,5/1/1977 0:00,1657277,312587639,2250307,3230324,0,2
365,6/1/1977 0:00,1673607,386626648,2250307,2131598,0,2
366,7/1/1977 0:00,1763130,470212468,2250307,2090962,0,2
367,8/1/1977 0:00,1826204,476376695,2250307,2058050,0,2
368,9/1/1977 0:00,1454505,285427203,2429650,2105918,0,2
369,10/1/1977 0:00,1460123,265309182,2517490,1930399,0,2
370,11/1/1977 0:00,1547003,284421939,2517490,1624745,0,2
371,12/1/1977 0:00,1594782,345148131,2517490,1803214,0,2
372,1/1/1978 0:00,1391774,287236602,2709777,3474610,50768,2
373,2/1/1978 0:00,1356145,258838712,2709777,3258980,50768,2
374,3/1/1978 0:00,1707239,355226561,2709777,3345861,50768,2
375,4/1/1978 0:00,1662485,319749376,2689068,3389751,49798,2
376,5/1/1978 0:00,1666871,319754286,2665799,3494393,49789,2
377,6/1/1978 0:00,1679257,330444939,2665799,3618324,49789,2
378,7/1/1978 0:00,1600757,368272257,2787962,3273926,49789,2
379,8/1/1978 0:00,1753974,443510955,2804059,3286011,49798,2
380,9/1/1978 0:00,1766872,462215107,2804059,3540385,49798,2
381,10/1/1978 0:00,1427120,281746816,2804059,3410058,49798,2
382,11/1/1978 0:00,1452261,298975774,2723805,3252447,49600,2
383,12/1/1978 0:00,1677584,341406277,2723805,3278135,49600,2
384,1/1/1979 0:00,1577481,332438930,2665646,3183603,47234,2
385,2/1/1979 0:00,1420085,292459667,2715779,2919036,82887,2
386,3/1/1979 0:00,1704073,358911279,2695503,3099983,58706,2
387,4/1/1979 0:00,1854583,429690320,2723715,3101774,56834,2
388,5/1/1979 0:00,1938714,423567784,2731114,3548594,58130,2
389,6/1/1979 0:00,1875203,431688325,2850754,3458438,59676,2
390,7/1/1979 0:00,2189632,579442355,2882810,3511732,59858,2
391,8/1/1979 0:00,2208284,576096475,2888889,3354132,60237,2
392,9/1/1979 0:00,1641040,356856839,2839172,3318416,57051,2
393,10/1/1979 0:00,1620595,304052657,2849533,3193102,55681,2
394,11/1/1979 0:00,1695042,319775002,2840769,3813529,58209,2
395,12/1/1979 0:00,1694139,391251407,2667611,3197776,55129,2
396,1/1/1980 0:00,1578290,323882518,2456398,3293730,47097,2
397,2/1/1980 0:00,1525752,300938429,2450916,3501179,46577,2
398,3/1/1980 0:00,1760796,354669362,2462566,3273383,47164,2
399,4/1/1980 0:00,1773639,375635173,2583261,3402143,46122,2
400,5/1/1980 0:00,1848318,364492106,2614674,3566376,49102,2
401,6/1/1980 0:00,1941523,448949828,2614470,3581070,46523,2
402,7/1/1980 0:00,2062274,517803638,2762993,3651680,54563,2
403,8/1/1980 0:00,2221053,540785182,2773160,3265583,52667,2
404,9/1/1980 0:00,1632467,341722593,2755955,3101045,52327,2
405,10/1/1980 0:00,1707361,342363610,2732938,3497160,50909,2
406,11/1/1980 0:00,1656067,319669631,2709296,3319898,50032,2
407,12/1/1980 0:00,1730875,415505216,2698082,4578363,49171,2
408,1/1/1981 0:00,1520915,343956618,2688839,3822383,51302,2
409,2/1/1981 0:00,1425523,294135454,2680427,3797940,48716,2
410,3/1/1981 0:00,1708445,373372418,2709225,4097161,48914,2
411,4/1/1981 0:00,1861920,418617942,2723559,3657729,52649,2
412,5/1/1981 0:00,1835570,380282446,2800356,3598082,43550,2
413,6/1/1981 0:00,1872614,466750379,2828921,3680319,44434,2
414,7/1/1981 0:00,1885958,468332285,2835717,3610388,46880,2
415,8/1/1981 0:00,1945558,526685917,2806148,3357723,38467,2
416,9/1/1981 0:00,1925194,525108456,2774995,3373042,41208,2
417,10/1/1981 0:00,1885518,535087861,2739032,3204312,38045,2
418,11/1/1981 0:00,1561930,354611461,2712986,3093771,38229,2
419,12/1/1981 0:00,1561673,354596797,2768554,3141127,40733,2
420,1/1/1982 0:00,1547623,291664176,2794754,3098257,39168,2
421,2/1/1982 0:00,1541403,318837837,2745598,3292813,36674,2
422,3/1/1982 0:00,1413187,276534903,2786365,3371540,36763,2
423,4/1/1982 0:00,1599424,334977975,2808115,3225333,38920,2
424,5/1/1982 0:00,1573111,298468514,2636437,3239839,41880,2
425,6/1/1982 0:00,1648035,373090871,2652603,3353045,41591,2
426,7/1/1982 0:00,1787798,459324724,2669187,3220500,42246,2
427,8/1/1982 0:00,1786232,460358208,2672709,3281079,39353,2
428,9/1/1982 0:00,1379782,308384272,2691277,3111591,42595,2
429,10/1/1982 0:00,1399247,282048323,2641126,3171928,39204,2
430,11/1/1982 0:00,1441052,267079114,2592092,3049554,36811,2
431,12/1/1982 0:00,1549025,344868233,2574038,3144559,36842,2
432,1/1/1983 0:00,1341059,249387529,2587549,3247584,35706,2
433,2/1/1983 0:00,1303557,247571244,2598558,3004099,35405,2
434,3/1/1983 0:00,1844343,352307186,2590471,3507476,37649,2
435,4/1/1983 0:00,1651721,367071178,2589149,3242007,35482,2
436,5/1/1983 0:00,1775455,395670361,2682550,3367493,37350,2
437,6/1/1983 0:00,1711937,378701934,2762508,3472530,39213,2
438,7/1/1983 0:00,1797846,491145822,2758865,3313419,42440,2
439,8/1/1983 0:00,1867284,502936360,2775819,3702029,41990,2
440,9/1/1983 0:00,1492043,341851501,2762749,3537411,37890,2
441,10/1/1983 0:00,1514220,304623060,2643982,3350252,37401,2
442,11/1/1983 0:00,1685990,339730596,2611111,3413642,38054,2
443,12/1/1983 0:00,1740703,398461946,2596377,3350633,35296,2
444,1/1/1984 0:00,1467803,307681981,2564627,3457852,33929,2
445,2/1/1984 0:00,1436811,291174544,2542197,3509266,35563,2
446,3/1/1984 0:00,1844863,352312310,2551267,3742825,38488,2
447,4/1/1984 0:00,1715714,363831315,2650053,3596604,36945,2
448,5/1/1984 0:00,1790525,385418088,2670333,3830679,41264,2
449,6/1/1984 0:00,1856406,486947879,2670526,3833360,38716,2
450,7/1/1984 0:00,1835175,489114018,2696385,3966936,42055,2
451,8/1/1984 0:00,1907818,489076562,2696351,3886219,37576,2
452,9/1/1984 0:00,1519687,332632187,2665962,3625893,37649,2
453,10/1/1984 0:00,1646059,322808898,2613480,3868378,35387,2
454,11/1/1984 0:00,1695506,338072234,2562281,3586010,34839,2
455,12/1/1984 0:00,1721071,397050861,2588197,3592605,34726,2
456,1/1/1985 0:00,1545184,321076094,2649730,3458493,36323,2
457,2/1/1985 0:00,1465605,293523705,2597076,3177217,36454,2
458,3/1/1985 0:00,2425329,321126882,2667676,3276279,41659,2
459,4/1/1985 0:00,1817154,399849791,2651121,3317863,37190,2
460,5/1/1985 0:00,1892166,426612452,2704860,3500832,38225,2
461,6/1/1985 0:00,1902643,509520086,2765995,3344976,43331,2
462,7/1/1985 0:00,1973724,535791329,2759129,3396984,47946,2
463,8/1/1985 0:00,2072542,563906126,2743590,3362645,39001,2
464,9/1/1985 0:00,1535591,356816889,2673361,3254110,23495,2
465,10/1/1985 0:00,1675177,365391089,2676010,3315971,42348,2
466,11/1/1985 0:00,1701898,372434446,2627707,3198287,37805,2
467,12/1/1985 0:00,854511,1974634,2669453,3211825,39367,2
468,1/1/1986 0:00,1493719,349586084,2680692,3354444,39510,2
469,2/1/1986 0:00,1412130,312596501,2640693,3110099,38294,2
470,3/1/1986 0:00,1738517,411930640,2641264,3269425,37669,2
471,4/1/1986 0:00,1659967,377826410,2661009,3265479,42092,2
472,5/1/1986 0:00,1759297,404516445,2689122,3245102,37331,2
473,6/1/1986 0:00,1838438,500624667,2692519,3246970,38952,2
474,7/1/1986 0:00,1929123,534847559,2720757,3401328,41230,2
475,8/1/1986 0:00,1981564,545916903,2711050,3656442,37174,2
476,9/1/1986 0:00,1550647,376880443,2658921,3318209,36531,2
477,10/1/1986 0:00,1681599,390813134,2574687,3312136,33059,2
478,11/1/1986 0:00,1660519,371478152,2607625,3400056,35029,2
479,12/1/1986 0:00,1724873,447767559,2605015,3506666,36802,2
480,1/1/1987 0:00,1450628,358289350,2459546,3769935,32573,2
481,2/1/1987 0:00,1372333,301085684,2451109,3755831,24981,2
482,3/1/1987 0:00,2759081,388815258,2461279,3538017,33413,2
483,4/1/1987 0:00,2770118,426085439,2469475,3773246,34841,2
484,5/1/1987 0:00,2775109,458751988,2482239,3802843,35693,2
485,6/1/1987 0:00,2945723,552030727,2504024,3770726,37907,2
486,7/1/1987 0:00,3045135,617011317,2491466,3925557,38273,2
487,8/1/1987 0:00,3440627,612281988,2492619,3921396,36545,2
488,9/1/1987 0:00,2797714,444662254,2503398,3858954,38105,2
489,10/1/1987 0:00,2906499,459915152,3676371,3863048,36623,2
490,11/1/1987 0:00,2894114,449298073,3671530,3886013,34151,2
491,12/1/1987 0:00,2937638,512975274,3674109,3900396,35573,2
492,1/1/1988 0:00,2758022,438205167,2974007,3839743,253812,2
493,2/1/1988 0:00,2775449,398804701,2959143,3806424,238823,2
494,3/1/1988 0:00,3039536,477518429,2996982,3799798,254663,2
495,4/1/1988 0:00,3007325,489350896,2978239,3957654,246527,2
496,5/1/1988 0:00,3138900,504941385,3097446,3932968,255602,2
497,6/1/1988 0:00,3160569,561852336,2991850,3772320,248326,2
498,7/1/1988 0:00,3190245,626555031,2989658,3757577,255242,2
499,8/1/1988 0:00,3388548,622505527,3009309,3959783,256188,2
500,9/1/1988 0:00,3016533,453463218,2973850,3747636,243890,2
501,10/1/1988 0:00,3111015,466272584,2967540,3770284,254656,2
502,11/1/1988 0:00,3103388,463915317,2952341,3669620,244097,2
503,12/1/1988 0:00,2980971,508813528,2967515,3739589,255200,2
504,1/1/1989 0:00,2999216,469510726,4256064,3858967,41507,2
505,2/1/1989 0:00,2785225,434694155,3883985,3551268,37261,2
506,3/1/1989 0:00,3236645,550044172,3084111,3944396,256222,2
507,4/1/1989 0:00,3169046,523064606,3039109,3839813,246087,2
508,5/1/1989 0:00,3358854,535726497,3166762,4081932,255914,2
509,6/1/1989 0:00,3312222,552382730,3154587,4016634,250060,2
510,7/1/1989 0:00,3261690,587853863,3241076,3883498,256985,2
511,8/1/1989 0:00,3457783,610136410,3285655,4095795,258228,2
512,9/1/1989 0:00,3116073,476859869,3121841,3814913,249332,2
513,10/1/1989 0:00,3259384,493441341,3243676,4041438,255445,2
514,11/1/1989 0:00,3215293,489801394,3190792,3902820,245759,2
515,12/1/1989 0:00,3045824,514837659,3276301,4056777,255372,2
516,1/1/1990 0:00,3036227,454115779,3313933,4047428,255715,2
517,2/1/1990 0:00,2898964,435086002,3043228,3721556,259856,2
518,3/1/1990 0:00,3357853,568289732,3359064,4180909,270110,2
519,4/1/1990 0:00,3320439,568101697,3273832,3967407,260389,2
520,5/1/1990 0:00,3300195,539628385,3402071,4195187,261446,2
521,6/1/1990 0:00,3276973,570694457,3348164,4110336,262109,2
522,7/1/1990 0:00,3372917,618571581,3416483,4495852,261422,2
523,8/1/1990 0:00,3368443,609210368,3446940,3756997,270203,2
524,9/1/1990 0:00,3073787,488444939,3269824,3913335,254621,2
525,10/1/1990 0:00,3291394,514253920,3613612,4140351,269333,2
526,11/1/1990 0:00,3181611,516429873,3356131,3911772,252853,2
527,12/1/1990 0:00,3023138,531619395,3395859,4015812,260517,2
528,1/1/1991 0:00,3097361,496467387,3174949,4113356,253166,2
529,2/1/1991 0:00,2891106,469504489,3078234,3709558,235957,2
530,3/1/1991 0:00,3243410,587905914,3422738,3997287,271345,2
531,4/1/1991 0:00,3141980,509488334,3283384,4058620,261902,2
532,5/1/1991 0:00,3220867,566342448,3456623,4158573,263323,2
533,6/1/1991 0:00,3230739,603845247,3418914,3958934,263590,2
534,7/1/1991 0:00,3351988,633450001,3521275,4016734,262249,2
535,8/1/1991 0:00,3365286,664013874,3505725,4111875,271615,2
536,9/1/1991 0:00,3051106,494557648,3344412,3928465,255398,2
537,10/1/1991 0:00,3035491,509037626,3205728,4233577,271601,2
538,11/1/1991 0:00,2872184,472359118,3104234,3840021,253273,2
539,12/1/1991 0:00,3088620,550795984,3221896,3825335,261361,2
540,1/1/1992 0:00,2953192,493541137,3578455,4025289,254314,2
541,2/1/1992 0:00,2814366,462084011,3322699,3699311,236230,2
542,3/1/1992 0:00,3235404,559205172,3608238,4066795,270156,2
543,4/1/1992 0:00,3250776,572122965,3505924,3937293,261320,2
544,5/1/1992 0:00,3437451,546043825,3563754,3967554,262549,2
545,6/1/1992 0:00,3018138,478204759,3277368,3971745,262847,2
546,7/1/1992 0:00,3337720,610774196,3694025,4132381,262572,2
547,8/1/1992 0:00,3425174,627359211,3689030,4045132,272166,2
548,9/1/1992 0:00,3084837,516516158,3572052,4015013,255564,2
549,10/1/1992 0:00,3181422,538313763,3692566,4244756,269398,2
550,11/1/1992 0:00,3185873,539769246,3601335,3898735,251537,2
551,12/1/1992 0:00,3158046,551397116,3712953,3941180,260064,2
552,1/1/1993 0:00,3054123,500349189,3608667,4016468,200210,2
553,2/1/1993 0:00,2937448,461280157,3305329,3811175,186032,2
554,3/1/1993 0:00,3287516,534476186,3670178,4353403,212832,2
555,4/1/1993 0:00,3304762,562429065,3600733,4118114,206322,2
556,5/1/1993 0:00,3267243,554039017,3686558,4194770,207990,2
557,6/1/1993 0:00,3395962,580500717,3658547,4257141,206707,2
558,7/1/1993 0:00,3370573,586861727,3741280,4085987,204361,2
559,8/1/1993 0:00,3505918,611839976,3760693,4202455,213213,2
560,9/1/1993 0:00,3158100,501353952,3630214,4365296,201084,2
561,10/1/1993 0:00,3218031,507702230,3766372,4209811,217674,2
562,11/1/1993 0:00,3215947,489299178,3561630,4030402,197707,2
563,12/1/1993 0:00,3111083,503041903,3692885,3999055,203081,2
564,1/1/1994 0:00,3150985,472917856,3539097,4154780,198044,2
565,2/1/1994 0:00,3092354,463567851,4097509,3876554,184488,2
566,3/1/1994 0:00,3481677,572167273,3669052,4384043,210612,2
567,4/1/1994 0:00,3308812,546898075,3522919,4125356,209362,2
568,5/1/1994 0:00,3397517,524008197,3639315,4274055,205165,2
569,6/1/1994 0:00,3397045,531971149,3568609,3698083,206562,2
570,7/1/1994 0:00,3471268,578257564,3642983,4123484,205426,2
571,8/1/1994 0:00,3619233,587229076,3708206,4529251,213300,2
572,9/1/1994 0:00,3312771,490032783,3556231,4199036,202378,2
573,10/1/1994 0:00,3436149,493619903,3628679,4312674,211134,2
574,11/1/1994 0:00,3412984,477594716,3591495,4302015,198312,2
575,12/1/1994 0:00,3291265,490779357,3762147,4060031,203048,2
576,1/1/1995 0:00,3209841,425207429,3543608,3874957,153915,2
577,2/1/1995 0:00,3053626,393268412,3062154,3689979,144176,2
578,3/1/1995 0:00,3413313,489360683,3440449,4121952,169672,2
579,4/1/1995 0:00,3356446,490903635,3135433,3750132,159514,2
580,5/1/1995 0:00,3463527,511120586,3308494,3732267,161967,2
581,6/1/1995 0:00,3353598,542693418,3140872,3977164,163375,2
582,7/1/1995 0:00,3431899,571259638,3179631,3878164,161742,2
583,8/1/1995 0:00,3552940,580982161,3226213,3740261,173050,2
584,9/1/1995 0:00,3208323,451385426,3043263,3765409,159009,2
585,10/1/1995 0:00,3325631,441202778,3137927,4004163,167580,2
586,11/1/1995 0:00,3210029,435470011,3623374,3727936,156520,2
587,12/1/1995 0:00,3119053,444598571,3114921,3659487,159214,2
588,1/1/1996 0:00,2990875,362022328,3053546,3967896,154884,2
589,2/1/1996 0:00,2965922,343413949,2975275,3639347,144547,2
590,3/1/1996 0:00,3104832,416042895,3115320,3864706,169612,2
591,4/1/1996 0:00,3235894,425092726,3027555,3754950,159443,2
592,5/1/1996 0:00,3371160,467573082,3141509,3926463,160445,2
593,6/1/1996 0:00,1809256,476554648,2716298,3414004,161065,2
594,7/1/1996 0:00,1971486,525954361,2731264,3543506,161975,2
595,8/1/1996 0:00,2078166,551695523,2835613,3572978,170868,2
596,9/1/1996 0:00,1608040,412344840,2688612,3096507,154988,2
597,10/1/1996 0:00,1689996,425991795,2805129,3682284,165348,2
598,11/1/1996 0:00,1581188,389249720,2732435,3378351,150635,2
599,12/1/1996 0:00,1703378,437256586,2879697,3757265,160060,2
600,1/1/1997 0:00,1398967,337798678,3328713,3577885,180185,2
601,2/1/1997 0:00,1399987,337893100,3303546,3187892,157812,2
602,3/1/1997 0:00,1713561,416925515,3318158,3448021,170087,2
603,4/1/1997 0:00,1659157,408488665,3236239,3598016,170835,2
604,5/1/1997 0:00,1815079,444032624,3370616,3603905,199264,2
605,6/1/1997 0:00,1903113,481053743,3256726,3528974,174866,2
606,7/1/1997 0:00,2111040,540293509,3414323,3822281,215510,2
607,8/1/1997 0:00,2174236,552486079,3040550,3571261,207744,2
608,9/1/1997 0:00,1676933,425814893,2922788,3690784,195665,2
609,10/1/1997 0:00,1778068,445858326,3028937,3791932,208657,2
610,11/1/1997 0:00,1735641,441249575,2921509,3403290,189114,2
611,12/1/1997 0:00,1799564,454400575,3003478,3539698,199655,2
612,1/1/1998 0:00,1573034,371355589,2994789,3611005,206113,2
613,2/1/1998 0:00,1416842,326874247,2970330,3365570,181700,2
614,3/1/1998 0:00,1758974,426172239,3044212,3784360,203393,2
615,4/1/1998 0:00,1829817,447877815,2966276,3665648,199367,2
616,5/1/1998 0:00,1898488,462341914,3104841,3704016,204320,2
617,6/1/1998 0:00,1925774,482325897,3061691,3873538,207232,2
618,7/1/1998 0:00,2141613,537481124,3154295,3925805,223098,2
619,8/1/1998 0:00,2083037,526444502,3064411,3797148,213238,2
620,9/1/1998 0:00,1731345,430364874,2985583,3795589,200292,2
621,10/1/1998 0:00,1796119,444719403,3084853,3843193,210010,2
622,11/1/1998 0:00,1819527,427669956,3006226,3650969,189863,2
623,12/1/1998 0:00,1849336,459051399,3069674,3627003,177062,2
624,1/1/1999 0:00,1601532,384824724,3087577,3797055,210035,2
625,2/1/1999 0:00,1550245,350270063,2805493,3499916,182372,2
626,3/1/1999 0:00,1835025,436837107,3144895,4045745,204447,2
627,4/1/1999 0:00,1843867,435360347,3071044,3857590,201558,2
628,5/1/1999 0:00,1912287,450054655,3181470,3914419,207460,2
629,6/1/1999 0:00,2014835,496553598,3142757,4015672,211982,2
630,7/1/1999 0:00,2132858,543923323,3244917,4007649,228646,2
631,8/1/1999 0:00,2099737,528001216,3246178,4087939,216773,2
632,9/1/1999 0:00,1701827,393137094,2992076,3884533,199663,2
633,10/1/1999 0:00,1809743,425897553,3206974,3961885,212887,2
634,11/1/1999 0:00,1852808,421595015,3116115,3816626,193987,2
635,12/1/1999 0:00,1840903,442742459,3203228,3797569,221003,2
636,1/1/2000 0:00,1543871,366607410,3178238,3884956,200487,2
637,2/1/2000 0:00,1618764,366139276,3029921,3728990,190075,2
638,3/1/2000 0:00,1924055,453096388,3264900,4095524,210315,2
639,4/1/2000 0:00,1977517,473751011,3137423,3724866,203171,2
640,5/1/2000 0:00,2053643,481725263,3295481,4119189,229033,2
641,6/1/2000 0:00,2128695,517102460,3228546,3950579,208562,2
642,7/1/2000 0:00,2179403,564747276,3306932,3935743,208310,2
643,8/1/2000 0:00,2213683,558060051,3343198,4093007,214358,2
644,9/1/2000 0:00,1880892,446489429,3213223,3891056,204935,2
645,10/1/2000 0:00,1979403,462329685,1944302,4100880,233139,2
646,11/1/2000 0:00,1982030,442268378,3214792,3935939,198536,2
647,12/1/2000 0:00,2001810,461651082,3265043,3685066,204215,2
648,1/1/2001 0:00,1683799,379458113,3278833,3834634,202582,2
649,2/1/2001 0:00,1745627,366288212,3013676,3468671,191092,2
650,3/1/2001 0:00,2011105,448912584,3350323,3838789,214235,2
651,4/1/2001 0:00,2027208,455496342,3193056,3644452,184414,2
652,5/1/2001 0:00,2085933,462376555,3414322,3857375,230142,2
653,6/1/2001 0:00,2188063,528690495,3309971,3688314,213569,2
654,7/1/2001 0:00,2251180,564037290,3436118,3688620,216006,2
655,8/1/2001 0:00,2327134,562266005,3470372,3823082,220652,2
656,9/1/2001 0:00,1762273,446266947,3309637,3588402,206621,2
657,10/1/2001 0:00,1952178,452095177,3484415,3997244,236620,2
658,11/1/2001 0:00,1973972,446094295,3349413,3595400,210258,2
659,12/1/2001 0:00,1988189,479188686,3388866,3357846,177757,2
660,1/1/2002 0:00,1759871,398443099,3449820,3753338,201805,2
661,2/1/2002 0:00,1772163,397948979,3146083,3279163,192440,2
662,3/1/2002 0:00,2021506,459147305,3474697,3462288,189907,2
663,4/1/2002 0:00,2049477,453149024,3375089,3465832,183928,2
664,5/1/2002 0:00,2114453,461622928,3544543,3594613,235836,2
665,6/1/2002 0:00,2108990,499734575,3423311,3348673,215133,2
666,7/1/2002 0:00,2252579,564023742,3519049,3422331,216418,2
667,8/1/2002 0:00,2145056,516067118,3442490,3486738,221255,2
668,9/1/2002 0:00,1795362,385089969,3357481,3300520,199570,2
669,10/1/2002 0:00,1919552,399247828,3531369,3516510,261744,2
670,11/1/2002 0:00,1860455,376011411,3362258,3138729,208824,2
671,12/1/2002 0:00,2010859,448245893,3471202,3119488,216848,2
672,1/1/2003 0:00,1778411,393287373,3492959,3334707,214932,2
673,2/1/2003 0:00,1750527,390041481,3075308,3093034,197712,2
674,3/1/2003 0:00,2067860,472573962,3449746,3334837,224115,2
675,4/1/2003 0:00,2099917,483653074,3356762,3283200,197111,2
676,5/1/2003 0:00,2148109,489484678,3526089,3406228,251527,2
677,6/1/2003 0:00,2234326,531138943,3430092,3301869,226421,2
678,7/1/2003 0:00,2339152,578767927,3521838,3377364,226461,2
679,8/1/2003 0:00,2218201,557897322,3522479,3337370,231078,2
680,9/1/2003 0:00,1950824,427807444,3340517,3266961,217091,2
681,10/1/2003 0:00,2122801,463025617,3540731,3259559,245486,2
682,11/1/2003 0:00,2076766,448181812,3364895,3074287,222986,2
683,12/1/2003 0:00,2142333,489403554,3473435,3154382,214798,2
684,1/1/2004 0:00,1832125,410338393,3421239,3235764,215925,2
685,2/1/2004 0:00,1839253,389778365,3203266,3101904,203595,2
686,3/1/2004 0:00,2134151,452956930,3497464,3428953,221916,2
687,4/1/2004 0:00,2191027,471114446,3361628,3232054,215451,2
688,5/1/2004 0:00,2218207,472861212,3420454,3344800,243135,2
689,6/1/2004 0:00,2221743,514365919,3356346,3451479,226918,2
690,7/1/2004 0:00,2291328,554813029,3500527,3359455,232771,2
691,8/1/2004 0:00,2220921,511216651,3506284,3446259,237951,2
692,9/1/2004 0:00,1938327,401403280,3283544,3266465,224226,2
693,10/1/2004 0:00,2115874,436908280,3521681,3320355,249119,2
694,11/1/2004 0:00,2157451,440222335,3354450,3201482,214741,2
695,12/1/2004 0:00,2230181,476798294,3448991,3137694,221641,2
696,1/1/2005 0:00,1839989,378368103,3339582,3203078,226426,2
697,2/1/2005 0:00,1794687,351583660,3068580,2984504,210886,2
698,3/1/2005 0:00,2259679,463828081,3441123,3364647,252975,2
699,4/1/2005 0:00,2118528,430496434,3253238,3217894,221997,2
700,5/1/2005 0:00,2197000,462014277,3334596,3263367,227972,2
701,6/1/2005 0:00,2229181,508598324,3266316,3251803,232483,2
702,7/1/2005 0:00,2294045,548229054,3335575,3219043,230117,2
703,8/1/2005 0:00,2240237,511556316,3406844,3451799,258759,2
704,9/1/2005 0:00,2098159,436175168,3243126,3157384,216173,2
705,10/1/2005 0:00,2122908,432503304,3378017,3192168,227293,2
706,11/1/2005 0:00,2076932,435866215,3250466,3097953,218347,2
707,12/1/2005 0:00,2005417,447261670,3276882,3015519,223255,2
708,1/1/2006 0:00,1719180,363830405,3283391,3127357,228549,2
709,2/1/2006 0:00,1691007,347575222,2965680,2901638,212394,2
710,3/1/2006 0:00,2035593,430329187,3371943,3308004,261878,2
711,4/1/2006 0:00,2072708,445609435,3209644,3043590,224080,2
712,5/1/2006 0:00,2137806,459957974,3347504,3260833,224747,2
713,6/1/2006 0:00,2237119,516527472,3289283,3199531,230334,2
714,7/1/2006 0:00,2259429,549393934,3354056,3140454,229935,2
715,8/1/2006 0:00,2248256,530942270,3399512,3321303,238033,2
716,9/1/2006 0:00,1955830,427768908,3294187,3151792,253382,2
717,10/1/2006 0:00,2142741,451598087,3387829,3218233,232370,2
718,11/1/2006 0:00,2154746,451610146,3366870,3084829,224714,2
719,12/1/2006 0:00,2070530,461370074,3423096,2977391,233642,2
720,1/1/2007 0:00,1797833,377529725,3458828,3184044,230387,2
721,2/1/2007 0:00,1780001,360542790,3089233,2878284,218986,2
722,3/1/2007 0:00,2175847,459164806,3489454,3325001,262524,2
723,4/1/2007 0:00,2208166,470429231,3363170,3130029,227985,2
724,5/1/2007 0:00,2314375,494257576,3505786,3301459,229260,2
725,6/1/2007 0:00,2327930,545207971,3399084,3188923,231943,2
726,7/1/2007 0:00,2459575,585837053,3519559,3210346,232776,2
727,8/1/2007 0:00,2468308,570807078,3536676,3347717,235076,2
728,9/1/2007 0:00,2118244,451772968,3369792,3052935,228121,2
729,10/1/2007 0:00,2340628,483184463,3508841,3334727,232370,2
730,11/1/2007 0:00,2414398,503151672,3400870,3039860,224714,2
731,12/1/2007 0:00,2313336,508739922,3418348,2895404,230091,2
883,8/1/2020 0:00,,,,,,
882,7/1/2020 0:00,,,,,,
881,6/1/2020 0:00,,,,,,
880,5/1/2020 0:00,213983,69098462,2037397,2745323,128937,2
879,4/1/2020 0:00,121154,36018048,2070618,2745367,121903,2
878,3/1/2020 0:00,1130190,233377315,2997776,3073471,162151,2
877,2/1/2020 0:00,2163475,400433113,3124037,2945522,174288,2
876,1/1/2020 0:00,2399424,447564878,3505313,3147306,182445,2
875,12/1/2019 0:00,2791252,524685446,3404907,2918102,179475,2
874,11/1/2019 0:00,2788274,524186383,3405480,2950851,180909,2
873,10/1/2019 0:00,2856692,540165523,3535184,3314190,185349,2
872,9/1/2019 0:00,2748268,528336348,3388490,3045856,184628,2
871,8/1/2019 0:00,3056574,626644744,3566282,3291356,207037,2
870,7/1/2019 0:00,3108797,657244637,3523575,3241361,193669,2
869,6/1/2019 0:00,2988187,618224369,3387252,3086515,185634,2
868,5/1/2019 0:00,2897825,576765031,3535458,3264618,194725,2
867,4/1/2019 0:00,2728995,532041046,3405853,3156890,177472,2
866,3/1/2019 0:00,2692861,517020057,3494111,3222021,190018,2
865,2/1/2019 0:00,2164554,400576951,3112920,2877892,164452,2
864,1/1/2019 0:00,2288770,443790117,3417817,3185889,177672,2
863,12/1/2018 0:00,2672584,551882741,3400344,2850120,178475,2
862,11/1/2018 0:00,2875062,561549866,3388609,3022043,176801,2
861,10/1/2018 0:00,2809806,541695863,3495697,3317689,182051,2
860,9/1/2018 0:00,2583522,495908489,3314827,3051491,204432,2
859,8/1/2018 0:00,2983033,622165201,3561821,3313250,192110,2
858,7/1/2018 0:00,3063808,655798387,3537038,3170620,192013,2
857,6/1/2018 0:00,2910516,600475156,3430809,3141882,188695,2
856,5/1/2018 0:00,2794122,556052014,3495513,3289612,189787,2
855,4/1/2018 0:00,2595973,502623911,3398092,3138092,177238,2
854,3/1/2018 0:00,2566889,507584752,3380368,3253429,192729,2
853,2/1/2018 0:00,2162715,397611189,3124006,2891269,162523,2
852,1/1/2018 0:00,2308715,438710211,3428324,3222581,174582,2
851,12/1/2017 0:00,2685874,558435738,3426697,2992572,173430,2
850,11/1/2017 0:00,2805180,552222667,3371702,3160305,174755,2
849,10/1/2017 0:00,2788447,544835510,3486367,3352708,180924,2
848,9/1/2017 0:00,2604788,511006011,3335568,3160709,198213,2
847,8/1/2017 0:00,2943592,628885839,3504171,3396425,192000,2
846,7/1/2017 0:00,3012988,667515087,3475556,3173703,191217,2
845,6/1/2017 0:00,2939540,636313142,3445197,3277866,187714,2
844,5/1/2017 0:00,2822981,574606036,3487216,3345829,188425,2
843,4/1/2017 0:00,2764389,561148298,3342228,3156697,190095,2
842,3/1/2017 0:00,2659548,530748447,3464598,3410941,196791,2
841,2/1/2017 0:00,2153891,405865664,3121837,2921855,164751,2
840,1/1/2017 0:00,2330923,458016423,3432608,3215098,177548,2
839,12/1/2016 0:00,2676894,562539179,3507901,3044631,180597,2
838,11/1/2016 0:00,2714255,541014515,3444562,3139114,179751,2
837,10/1/2016 0:00,2619410,515715563,3458986,3313513,186990,2
836,9/1/2016 0:00,2641410,529746419,3371411,3221852,203411,2
835,8/1/2016 0:00,2878610,622399656,3497508,3415722,195709,2
834,7/1/2016 0:00,3055054,681258622,3479641,3184975,199499,2
833,6/1/2016 0:00,2873730,624827889,3386323,3346761,197954,2
832,5/1/2016 0:00,2773454,571922265,3465594,3388908,201004,2
831,4/1/2016 0:00,2540725,512433020,3345959,3324587,201637,2
830,3/1/2016 0:00,2730170,555131660,3465504,3424773,191418,2
829,2/1/2016 0:00,2217808,425393477,3226757,3146006,190307,2
828,1/1/2016 0:00,2182579,443214812,3348646,3217713,188020,2
827,12/1/2015 0:00,2586422,561992627,3412727,3198897,188135,2
826,11/1/2015 0:00,2649324,538968201,3312949,3166559,188820,2
825,10/1/2015 0:00,2638375,523223360,3437979,3492242,199395,2
824,9/1/2015 0:00,2522953,519017227,3411361,3344550,197278,2
823,8/1/2015 0:00,2814865,627586111,3508754,3377963,200671,2
822,7/1/2015 0:00,2987128,680358542,3530697,3468209,200614,2
821,6/1/2015 0:00,2798343,620954019,3421147,3445368,201226,2
820,5/1/2015 0:00,2534363,539871332,3530957,3356582,216237,2
819,4/1/2015 0:00,2625765,541203782,3376328,3362867,192878,2
818,3/1/2015 0:00,2679096,556689651,3452210,3449427,193652,2
817,2/1/2015 0:00,2167689,430056703,3163862,3032522,189071,2
816,1/1/2015 0:00,2194509,458200128,3406940,3260091,181864,2
815,12/1/2014 0:00,2658904,587913029,3426322,3176421,191291,2
814,11/1/2014 0:00,2668465,546544981,3336679,3111840,193036,2
813,10/1/2014 0:00,2704061,554539946,3502663,3576941,208850,2
812,9/1/2014 0:00,2571623,540029397,3544931,3364598,188884,2
811,8/1/2014 0:00,2928658,649665562,3600640,3376944,191436,2
810,7/1/2014 0:00,2970213,672539892,3604475,3455397,192326,2
809,6/1/2014 0:00,2802647,624637290,3503581,3378785,196924,2
808,5/1/2014 0:00,2746886,581325298,3597399,3481420,208164,2
807,4/1/2014 0:00,2594901,545773080,3460995,3391032,187309,2
806,3/1/2014 0:00,2579356,542911331,3494065,3407824,174214,2
805,2/1/2014 0:00,2094114,424362057,3137342,3082904,160953,2
804,1/1/2014 0:00,2207290,466418567,3438223,3405628,188489,2
803,12/1/2013 0:00,2714676,604977613,3541085,3134233,187520,2
802,11/1/2013 0:00,2551403,519835331,3415824,3215963,197024,2
801,10/1/2013 0:00,2981487,674078738,3583717,3569455,185412,2
800,9/1/2013 0:00,3000209,676533520,3612251,3341962,190766,2
799,8/1/2013 0:00,3022917,678920983,3635022,3465110,195728,2
798,7/1/2013 0:00,2954693,681357191,3634796,3454988,195994,2
797,6/1/2013 0:00,2839089,638602721,3509052,3348985,191586,2
796,5/1/2013 0:00,2816920,598536892,3623355,3556884,209991,2
795,4/1/2013 0:00,2817093,603515708,3586955,3431319,185816,2
794,3/1/2013 0:00,2820053,604193668,3586355,3352597,187680,2
793,2/1/2013 0:00,2218372,448821441,3204826,3059646,174029,2
792,1/1/2013 0:00,2605070,577032191,3514412,3405041,186378,2
791,12/1/2012 0:00,2606922,577219034,3541030,3050809,205195,2
790,11/1/2012 0:00,2560074,534831976,3433807,3257306,224069,2
789,10/1/2012 0:00,2597751,539910016,3494044,3468146,206106,2
788,9/1/2012 0:00,2505925,533542490,3432738,3219452,200992,2
787,8/1/2012 0:00,2807309,639545067,3628589,3537020,211055,2
786,7/1/2012 0:00,2819009,663965533,3590865,3386646,217054,2
785,6/1/2012 0:00,2792266,642263746,3505967,3429270,228275,2
784,5/1/2012 0:00,2752096,594778477,3605391,3494340,211503,2
783,4/1/2012 0:00,2765051,585609840,3441450,3309424,200910,2
782,3/1/2012 0:00,2766401,544100123,3518787,3483259,209556,2
781,2/1/2012 0:00,2232285,461139329,3309668,3201458,201495,2
780,1/1/2012 0:00,2224842,463005361,3562085,3340880,210871,2
779,12/1/2011 0:00,2516685,557374424,3554044,3205844,242939,2
778,11/1/2011 0:00,2631848,552477847,3436879,3338743,212351,2
777,10/1/2011 0:00,2390414,543403112,3572176,3489930,222123,2
776,9/1/2011 0:00,2537282,509094731,3448614,3435574,216987,2
775,8/1/2011 0:00,2754574,581116991,3476455,3603128,218846,2
774,7/1/2011 0:00,2931813,632786423,3595073,3458617,239646,2
773,6/1/2011 0:00,2844286,595163810,3485629,3516530,210329,2
772,5/1/2011 0:00,2707136,584806522,3575208,3501895,214988,2
771,4/1/2011 0:00,2689904,572508869,3449722,3365734,208030,2
770,3/1/2011 0:00,2612362,566357389,3588882,3619644,214425,2
769,2/1/2011 0:00,2099631,436196722,3191996,3152260,197663,2
768,1/1/2011 0:00,2126847,456336772,3528530,3429673,203435,2
767,12/1/2010 0:00,2505001,558069744,3569982,3376318,232294,2
766,11/1/2010 0:00,2541469,528519429,3465170,3334575,218258,2
765,10/1/2010 0:00,2542494,531024449,3579201,3523077,220455,2
764,9/1/2010 0:00,2300632,497091526,3470407,3456769,213064,2
763,8/1/2010 0:00,2574165,597056638,3616066,3561651,218240,2
762,7/1/2010 0:00,2805798,669880427,3616853,3527738,244242,2
761,6/1/2010 0:00,2593688,604206171,3494704,3539687,219803,2
760,5/1/2010 0:00,2503651,544408276,3518013,3451013,209347,2
759,4/1/2010 0:00,2446113,520013629,3451608,3478591,205893,2
758,3/1/2010 0:00,2474908,538675366,3560237,3629837,212974,2
757,2/1/2010 0:00,1951901,405905875,3088012,3122066,192744,2
756,1/1/2010 0:00,2032892,440854078,3521094,3377882,225554,2
755,12/1/2009 0:00,2395277,537980573,3529260,3264600,226685,2
754,11/1/2009 0:00,2390149,498855768,3445180,3191214,219605,2
753,10/1/2009 0:00,2379080,493132875,3576429,3474911,232245,2
752,9/1/2009 0:00,2179662,462787005,3436159,3340667,220257,2
751,8/1/2009 0:00,2520906,582302101,3571055,3360872,237125,2
750,7/1/2009 0:00,2557381,596670353,3620025,3518664,260880,2
749,6/1/2009 0:00,2378540,542873119,3468903,3371421,229614,2
748,5/1/2009 0:00,2344393,494908098,4136079,3244322,227822,2
747,4/1/2009 0:00,2271283,469783200,3423245,3257856,223868,2
746,3/1/2009 0:00,2182251,456227991,3516742,3306315,231057,2
745,2/1/2009 0:00,1850090,376710497,3181921,2924185,212344,2
744,1/1/2009 0:00,1978924,419766348,4108554,3243862,247170,2
743,12/1/2008 0:00,2285949,511270950,3483401,3067198,230017,2
742,11/1/2008 0:00,2326111,484492078,3387137,2957053,218665,2
741,10/1/2008 0:00,2442790,517898247,3511001,3374326,234170,2
740,9/1/2008 0:00,2322511,500634771,3348813,3201517,221348,2
739,8/1/2008 0:00,2756141,620188551,3518955,3314557,260328,2
738,7/1/2008 0:00,2796007,645144911,3531821,3310377,233653,2
737,6/1/2008 0:00,2598974,580290736,3430792,3241677,229177,2
736,5/1/2008 0:00,2593835,550928592,3497372,3258385,230300,2
735,4/1/2008 0:00,2320765,473811702,3392761,3265196,222564,2
734,3/1/2008 0:00,2426487,504552405,3473707,3175595,229366,2
733,2/1/2008 0:00,2029844,395912010,3257992,3035762,235165,2
732,1/1/2008 0:00,2005292,416211470,3417775,3221099,194991,2
