Index,Date,Transportation Employment - Pipeline Transportation,Transportation Employment - Water Transportation,Transportation Employment - Rail Transportation,Transportation Employment - Air Transportation,Transportation Employment - Transit and ground passenger transportation,Transportation Employment - Truck Transportation,Unemployment Rate - Seasonally Adjusted,Labor Force Participation Rate - Seasonally Adjusted,Unemployed - Seasonally Adjusted
0,1/1/1947 0:00,,,,,,,,,
1,2/1/1947 0:00,,,,,,,,,
2,3/1/1947 0:00,,,,,,,,,
3,4/1/1947 0:00,,,,,,,,,
4,5/1/1947 0:00,,,,,,,,,
5,6/1/1947 0:00,,,,,,,,,
6,7/1/1947 0:00,,,,,,,,,
7,8/1/1947 0:00,,,,,,,,,
8,9/1/1947 0:00,,,,,,,,,
9,10/1/1947 0:00,,,,,,,,,
10,11/1/1947 0:00,,,,,,,,,
11,12/1/1947 0:00,,,,,,,,,
12,1/1/1948 0:00,,,,,,,,,
13,2/1/1948 0:00,,,,,,,,,
14,3/1/1948 0:00,,,,,,,,,
15,4/1/1948 0:00,,,,,,,,,
16,5/1/1948 0:00,,,,,,,,,
17,6/1/1948 0:00,,,,,,,,,
18,7/1/1948 0:00,,,,,,,,,
19,8/1/1948 0:00,,,,,,,,,
20,9/1/1948 0:00,,,,,,,,,
21,10/1/1948 0:00,,,,,,,,,
22,11/1/1948 0:00,,,,,,,,,
23,12/1/1948 0:00,,,,,,,,,
24,1/1/1949 0:00,,,,,,,,,
25,2/1/1949 0:00,,,,,,,,,
26,3/1/1949 0:00,,,,,,,,,
27,4/1/1949 0:00,,,,,,,,,
28,5/1/1949 0:00,,,,,,,,,
29,6/1/1949 0:00,,,,,,,,,
30,7/1/1949 0:00,,,,,,,,,
31,8/1/1949 0:00,,,,,,,,,
32,9/1/1949 0:00,,,,,,,,,
33,10/1/1949 0:00,,,,,,,,,
34,11/1/1949 0:00,,,,,,,,,
35,12/1/1949 0:00,,,,,,,,,
36,1/1/1950 0:00,,,,,,,,,
37,2/1/1950 0:00,,,,,,,,,
38,3/1/1950 0:00,,,,,,,,,
39,4/1/1950 0:00,,,,,,,,,
40,5/1/1950 0:00,,,,,,,,,
41,6/1/1950 0:00,,,,,,,,,
42,7/1/1950 0:00,,,,,,,,,
43,8/1/1950 0:00,,,,,,,,,
44,9/1/1950 0:00,,,,,,,,,
45,10/1/1950 0:00,,,,,,,,,
46,11/1/1950 0:00,,,,,,,,,
47,12/1/1950 0:00,,,,,,,,,
48,1/1/1951 0:00,,,,,,,,,
49,2/1/1951 0:00,,,,,,,,,
50,3/1/1951 0:00,,,,,,,,,
51,4/1/1951 0:00,,,,,,,,,
52,5/1/1951 0:00,,,,,,,,,
53,6/1/1951 0:00,,,,,,,,,
54,7/1/1951 0:00,,,,,,,,,
55,8/1/1951 0:00,,,,,,,,,
56,9/1/1951 0:00,,,,,,,,,
57,10/1/1951 0:00,,,,,,,,,
58,11/1/1951 0:00,,,,,,,,,
59,12/1/1951 0:00,,,,,,,,,
60,1/1/1952 0:00,,,,,,,,,
61,2/1/1952 0:00,,,,,,,,,
62,3/1/1952 0:00,,,,,,,,,
63,4/1/1952 0:00,,,,,,,,,
64,5/1/1952 0:00,,,,,,,,,
65,6/1/1952 0:00,,,,,,,,,
66,7/1/1952 0:00,,,,,,,,,
67,8/1/1952 0:00,,,,,,,,,
68,9/1/1952 0:00,,,,,,,,,
69,10/1/1952 0:00,,,,,,,,,
70,11/1/1952 0:00,,,,,,,,,
71,12/1/1952 0:00,,,,,,,,,
72,1/1/1953 0:00,,,,,,,,,
73,2/1/1953 0:00,,,,,,,,,
74,3/1/1953 0:00,,,,,,,,,
75,4/1/1953 0:00,,,,,,,,,
76,5/1/1953 0:00,,,,,,,,,
77,6/1/1953 0:00,,,,,,,,,
78,7/1/1953 0:00,,,,,,,,,
79,8/1/1953 0:00,,,,,,,,,
80,9/1/1953 0:00,,,,,,,,,
81,10/1/1953 0:00,,,,,,,,,
82,11/1/1953 0:00,,,,,,,,,
83,12/1/1953 0:00,,,,,,,,,
84,1/1/1954 0:00,,,,,,,,,
85,2/1/1954 0:00,,,,,,,,,
86,3/1/1954 0:00,,,,,,,,,
87,4/1/1954 0:00,,,,,,,,,
88,5/1/1954 0:00,,,,,,,,,
89,6/1/1954 0:00,,,,,,,,,
90,7/1/1954 0:00,,,,,,,,,
91,8/1/1954 0:00,,,,,,,,,
92,9/1/1954 0:00,,,,,,,,,
93,10/1/1954 0:00,,,,,,,,,
94,11/1/1954 0:00,,,,,,,,,
95,12/1/1954 0:00,,,,,,,,,
96,1/1/1955 0:00,,,,,,,,,
97,2/1/1955 0:00,,,,,,,,,
98,3/1/1955 0:00,,,,,,,,,
99,4/1/1955 0:00,,,,,,,,,
100,5/1/1955 0:00,,,,,,,,,
101,6/1/1955 0:00,,,,,,,,,
102,7/1/1955 0:00,,,,,,,,,
103,8/1/1955 0:00,,,,,,,,,
104,9/1/1955 0:00,,,,,,,,,
105,10/1/1955 0:00,,,,,,,,,
106,11/1/1955 0:00,,,,,,,,,
107,12/1/1955 0:00,,,,,,,,,
108,1/1/1956 0:00,,,,,,,,,
109,2/1/1956 0:00,,,,,,,,,
110,3/1/1956 0:00,,,,,,,,,
111,4/1/1956 0:00,,,,,,,,,
112,5/1/1956 0:00,,,,,,,,,
113,6/1/1956 0:00,,,,,,,,,
114,7/1/1956 0:00,,,,,,,,,
115,8/1/1956 0:00,,,,,,,,,
116,9/1/1956 0:00,,,,,,,,,
117,10/1/1956 0:00,,,,,,,,,
118,11/1/1956 0:00,,,,,,,,,
119,12/1/1956 0:00,,,,,,,,,
120,1/1/1957 0:00,,,,,,,,,
121,2/1/1957 0:00,,,,,,,,,
122,3/1/1957 0:00,,,,,,,,,
123,4/1/1957 0:00,,,,,,,,,
124,5/1/1957 0:00,,,,,,,,,
125,6/1/1957 0:00,,,,,,,,,
126,7/1/1957 0:00,,,,,,,,,
127,8/1/1957 0:00,,,,,,,,,
128,9/1/1957 0:00,,,,,,,,,
129,10/1/1957 0:00,,,,,,,,,
130,11/1/1957 0:00,,,,,,,,,
131,12/1/1957 0:00,,,,,,,,,
132,1/1/1958 0:00,,,,,,,,,
133,2/1/1958 0:00,,,,,,,,,
134,3/1/1958 0:00,,,,,,,,,
135,4/1/1958 0:00,,,,,,,,,
136,5/1/1958 0:00,,,,,,,,,
137,6/1/1958 0:00,,,,,,,,,
138,7/1/1958 0:00,,,,,,,,,
139,8/1/1958 0:00,,,,,,,,,
140,9/1/1958 0:00,,,,,,,,,
141,10/1/1958 0:00,,,,,,,,,
142,11/1/1958 0:00,,,,,,,,,
143,12/1/1958 0:00,,,,,,,,,
144,1/1/1959 0:00,,,,,,,,,
145,2/1/1959 0:00,,,,,,,,,
146,3/1/1959 0:00,,,,,,,,,
147,4/1/1959 0:00,,,,,,,,,
148,5/1/1959 0:00,,,,,,,,,
149,6/1/1959 0:00,,,,,,,,,
150,7/1/1959 0:00,,,,,,,,,
151,8/1/1959 0:00,,,,,,,,,
152,9/1/1959 0:00,,,,,,,,,
153,10/1/1959 0:00,,,,,,,,,
154,11/1/1959 0:00,,,,,,,,,
155,12/1/1959 0:00,,,,,,,,,
156,1/1/1960 0:00,,,,,,,,,
157,2/1/1960 0:00,,,,,,,,,
158,3/1/1960 0:00,,,,,,,,,
159,4/1/1960 0:00,,,,,,,,,
160,5/1/1960 0:00,,,,,,,,,
161,6/1/1960 0:00,,,,,,,,,
162,7/1/1960 0:00,,,,,,,,,
163,8/1/1960 0:00,,,,,,,,,
164,9/1/1960 0:00,,,,,,,,,
165,10/1/1960 0:00,,,,,,,,,
166,11/1/1960 0:00,,,,,,,,,
167,12/1/1960 0:00,,,,,,,,,
168,1/1/1961 0:00,,,,,,,,,
169,2/1/1961 0:00,,,,,,,,,
170,3/1/1961 0:00,,,,,,,,,
171,4/1/1961 0:00,,,,,,,,,
172,5/1/1961 0:00,,,,,,,,,
173,6/1/1961 0:00,,,,,,,,,
174,7/1/1961 0:00,,,,,,,,,
175,8/1/1961 0:00,,,,,,,,,
176,9/1/1961 0:00,,,,,,,,,
177,10/1/1961 0:00,,,,,,,,,
178,11/1/1961 0:00,,,,,,,,,
179,12/1/1961 0:00,,,,,,,,,
180,1/1/1962 0:00,,,,,,,,,
181,2/1/1962 0:00,,,,,,,,,
182,3/1/1962 0:00,,,,,,,,,
183,4/1/1962 0:00,,,,,,,,,
184,5/1/1962 0:00,,,,,,,,,
185,6/1/1962 0:00,,,,,,,,,
186,7/1/1962 0:00,,,,,,,,,
187,8/1/1962 0:00,,,,,,,,,
188,9/1/1962 0:00,,,,,,,,,
189,10/1/1962 0:00,,,,,,,,,
190,11/1/1962 0:00,,,,,,,,,
191,12/1/1962 0:00,,,,,,,,,
192,1/1/1963 0:00,,,,,,,,,
193,2/1/1963 0:00,,,,,,,,,
194,3/1/1963 0:00,,,,,,,,,
195,4/1/1963 0:00,,,,,,,,,
196,5/1/1963 0:00,,,,,,,,,
197,6/1/1963 0:00,,,,,,,,,
198,7/1/1963 0:00,,,,,,,,,
199,8/1/1963 0:00,,,,,,,,,
200,9/1/1963 0:00,,,,,,,,,
201,10/1/1963 0:00,,,,,,,,,
202,11/1/1963 0:00,,,,,,,,,
203,12/1/1963 0:00,,,,,,,,,
204,1/1/1964 0:00,,,,,,,,,
205,2/1/1964 0:00,,,,,,,,,
206,3/1/1964 0:00,,,,,,,,,
207,4/1/1964 0:00,,,,,,,,,
208,5/1/1964 0:00,,,,,,,,,
209,6/1/1964 0:00,,,,,,,,,
210,7/1/1964 0:00,,,,,,,,,
211,8/1/1964 0:00,,,,,,,,,
212,9/1/1964 0:00,,,,,,,,,
213,10/1/1964 0:00,,,,,,,,,
214,11/1/1964 0:00,,,,,,,,,
215,12/1/1964 0:00,,,,,,,,,
216,1/1/1965 0:00,,,,,,,,,
217,2/1/1965 0:00,,,,,,,,,
218,3/1/1965 0:00,,,,,,,,,
219,4/1/1965 0:00,,,,,,,,,
220,5/1/1965 0:00,,,,,,,,,
221,6/1/1965 0:00,,,,,,,,,
222,7/1/1965 0:00,,,,,,,,,
223,8/1/1965 0:00,,,,,,,,,
224,9/1/1965 0:00,,,,,,,,,
225,10/1/1965 0:00,,,,,,,,,
226,11/1/1965 0:00,,,,,,,,,
227,12/1/1965 0:00,,,,,,,,,
228,1/1/1966 0:00,,,,,,,,,
229,2/1/1966 0:00,,,,,,,,,
230,3/1/1966 0:00,,,,,,,,,
231,4/1/1966 0:00,,,,,,,,,
232,5/1/1966 0:00,,,,,,,,,
233,6/1/1966 0:00,,,,,,,,,
234,7/1/1966 0:00,,,,,,,,,
235,8/1/1966 0:00,,,,,,,,,
236,9/1/1966 0:00,,,,,,,,,
237,10/1/1966 0:00,,,,,,,,,
238,11/1/1966 0:00,,,,,,,,,
239,12/1/1966 0:00,,,,,,,,,
240,1/1/1967 0:00,,,,,,,,,
241,2/1/1967 0:00,,,,,,,,,
242,3/1/1967 0:00,,,,,,,,,
243,4/1/1967 0:00,,,,,,,,,
244,5/1/1967 0:00,,,,,,,,,
245,6/1/1967 0:00,,,,,,,,,
246,7/1/1967 0:00,,,,,,,,,
247,8/1/1967 0:00,,,,,,,,,
248,9/1/1967 0:00,,,,,,,,,
249,10/1/1967 0:00,,,,,,,,,
250,11/1/1967 0:00,,,,,,,,,
251,12/1/1967 0:00,,,,,,,,,
252,1/1/1968 0:00,,,,,,,,,
253,2/1/1968 0:00,,,,,,,,,
254,3/1/1968 0:00,,,,,,,,,
255,4/1/1968 0:00,,,,,,,,,
256,5/1/1968 0:00,,,,,,,,,
257,6/1/1968 0:00,,,,,,,,,
258,7/1/1968 0:00,,,,,,,,,
259,8/1/1968 0:00,,,,,,,,,
260,9/1/1968 0:00,,,,,,,,,
261,10/1/1968 0:00,,,,,,,,,
262,11/1/1968 0:00,,,,,,,,,
263,12/1/1968 0:00,,,,,,,,,
264,1/1/1969 0:00,,,,,,,,,
265,2/1/1969 0:00,,,,,,,,,
266,3/1/1969 0:00,,,,,,,,,
267,4/1/1969 0:00,,,,,,,,,
268,5/1/1969 0:00,,,,,,,,,
269,6/1/1969 0:00,,,,,,,,,
270,7/1/1969 0:00,,,,,,,,,
271,8/1/1969 0:00,,,,,,,,,
272,9/1/1969 0:00,,,,,,,,,
273,10/1/1969 0:00,,,,,,,,,
274,11/1/1969 0:00,,,,,,,,,
275,12/1/1969 0:00,,,,,,,,,
276,1/1/1970 0:00,,,,,,,,,
277,2/1/1970 0:00,,,,,,,,,
278,3/1/1970 0:00,,,,,,,,,
279,4/1/1970 0:00,,,,,,,,,
280,5/1/1970 0:00,,,,,,,,,
281,6/1/1970 0:00,,,,,,,,,
282,7/1/1970 0:00,,,,,,,,,
283,8/1/1970 0:00,,,,,,,,,
284,9/1/1970 0:00,,,,,,,,,
285,10/1/1970 0:00,,,,,,,,,
286,11/1/1970 0:00,,,,,,,,,
287,12/1/1970 0:00,,,,,,,,,
288,1/1/1971 0:00,,,,,,,,,
289,2/1/1971 0:00,,,,,,,,,
290,3/1/1971 0:00,,,,,,,,,
291,4/1/1971 0:00,,,,,,,,,
292,5/1/1971 0:00,,,,,,,,,
293,6/1/1971 0:00,,,,,,,,,
294,7/1/1971 0:00,,,,,,,,,
295,8/1/1971 0:00,,,,,,,,,
296,9/1/1971 0:00,,,,,,,,,
297,10/1/1971 0:00,,,,,,,,,
298,11/1/1971 0:00,,,,,,,,,
299,12/1/1971 0:00,,,,,,,,,
300,1/1/1972 0:00,,,,,,,,,
301,2/1/1972 0:00,,,,,,,,,
302,3/1/1972 0:00,,,,,,,,,
303,4/1/1972 0:00,,,,,,,,,
304,5/1/1972 0:00,,,,,,,,,
305,6/1/1972 0:00,,,,,,,,,
306,7/1/1972 0:00,,,,,,,,,
307,8/1/1972 0:00,,,,,,,,,
308,9/1/1972 0:00,,,,,,,,,
309,10/1/1972 0:00,,,,,,,,,
310,11/1/1972 0:00,,,,,,,,,
311,12/1/1972 0:00,,,,,,,,,
312,1/1/1973 0:00,,,,,,,,,
313,2/1/1973 0:00,,,,,,,,,
314,3/1/1973 0:00,,,,,,,,,
315,4/1/1973 0:00,,,,,,,,,
316,5/1/1973 0:00,,,,,,,,,
317,6/1/1973 0:00,,,,,,,,,
318,7/1/1973 0:00,,,,,,,,,
319,8/1/1973 0:00,,,,,,,,,
320,9/1/1973 0:00,,,,,,,,,
321,10/1/1973 0:00,,,,,,,,,
322,11/1/1973 0:00,,,,,,,,,
323,12/1/1973 0:00,,,,,,,,,
324,1/1/1974 0:00,,,,,,,,,
325,2/1/1974 0:00,,,,,,,,,
326,3/1/1974 0:00,,,,,,,,,
327,4/1/1974 0:00,,,,,,,,,
328,5/1/1974 0:00,,,,,,,,,
329,6/1/1974 0:00,,,,,,,,,
330,7/1/1974 0:00,,,,,,,,,
331,8/1/1974 0:00,,,,,,,,,
332,9/1/1974 0:00,,,,,,,,,
333,10/1/1974 0:00,,,,,,,,,
334,11/1/1974 0:00,,,,,,,,,
335,12/1/1974 0:00,,,,,,,,,
336,1/1/1975 0:00,,,,,,,,,
337,2/1/1975 0:00,,,,,,,,,
338,3/1/1975 0:00,,,,,,,,,
339,4/1/1975 0:00,,,,,,,,,
340,5/1/1975 0:00,,,,,,,,,
341,6/1/1975 0:00,,,,,,,,,
342,7/1/1975 0:00,,,,,,,,,
343,8/1/1975 0:00,,,,,,,,,
344,9/1/1975 0:00,,,,,,,,,
345,10/1/1975 0:00,,,,,,,,,
346,11/1/1975 0:00,,,,,,,,,
347,12/1/1975 0:00,,,,,,,,,
348,1/1/1976 0:00,,,,,,,,,
349,2/1/1976 0:00,,,,,,,,,
350,3/1/1976 0:00,,,,,,,,,
351,4/1/1976 0:00,,,,,,,,,
352,5/1/1976 0:00,,,,,,,,,
353,6/1/1976 0:00,,,,,,,,,
354,7/1/1976 0:00,,,,,,,,,
355,8/1/1976 0:00,,,,,,,,,
356,9/1/1976 0:00,,,,,,,,,
357,10/1/1976 0:00,,,,,,,,,
358,11/1/1976 0:00,,,,,,,,,
359,12/1/1976 0:00,,,,,,,,,
360,1/1/1977 0:00,,,,,,,,,
361,2/1/1977 0:00,,,,,,,,,
362,3/1/1977 0:00,,,,,,,,,
363,4/1/1977 0:00,,,,,,,,,
364,5/1/1977 0:00,,,,,,,,,
365,6/1/1977 0:00,,,,,,,,,
366,7/1/1977 0:00,,,,,,,,,
367,8/1/1977 0:00,,,,,,,,,
368,9/1/1977 0:00,,,,,,,,,
369,10/1/1977 0:00,,,,,,,,,
370,11/1/1977 0:00,,,,,,,,,
371,12/1/1977 0:00,,,,,,,,,
372,1/1/1978 0:00,,,,,,,,,
373,2/1/1978 0:00,,,,,,,,,
374,3/1/1978 0:00,,,,,,,,,
375,4/1/1978 0:00,,,,,,,,,
376,5/1/1978 0:00,,,,,,,,,
377,6/1/1978 0:00,,,,,,,,,
378,7/1/1978 0:00,,,,,,,,,
379,8/1/1978 0:00,,,,,,,,,
380,9/1/1978 0:00,,,,,,,,,
381,10/1/1978 0:00,,,,,,,,,
382,11/1/1978 0:00,,,,,,,,,
383,12/1/1978 0:00,,,,,,,,,
384,1/1/1979 0:00,,,,,,,,,
385,2/1/1979 0:00,,,,,,,,,
386,3/1/1979 0:00,,,,,,,,,
387,4/1/1979 0:00,,,,,,,,,
388,5/1/1979 0:00,,,,,,,,,
389,6/1/1979 0:00,,,,,,,,,
390,7/1/1979 0:00,,,,,,,,,
391,8/1/1979 0:00,,,,,,,,,
392,9/1/1979 0:00,,,,,,,,,
393,10/1/1979 0:00,,,,,,,,,
394,11/1/1979 0:00,,,,,,,,,
395,12/1/1979 0:00,,,,,,,,,
396,1/1/1980 0:00,,,,,,,,,
397,2/1/1980 0:00,,,,,,,,,
398,3/1/1980 0:00,,,,,,,,,
399,4/1/1980 0:00,,,,,,,,,
400,5/1/1980 0:00,,,,,,,,,
401,6/1/1980 0:00,,,,,,,,,
402,7/1/1980 0:00,,,,,,,,,
403,8/1/1980 0:00,,,,,,,,,
404,9/1/1980 0:00,,,,,,,,,
405,10/1/1980 0:00,,,,,,,,,
406,11/1/1980 0:00,,,,,,,,,
407,12/1/1980 0:00,,,,,,,,,
408,1/1/1981 0:00,,,,,,,,,
409,2/1/1981 0:00,,,,,,,,,
410,3/1/1981 0:00,,,,,,,,,
411,4/1/1981 0:00,,,,,,,,,
412,5/1/1981 0:00,,,,,,,,,
413,6/1/1981 0:00,,,,,,,,,
414,7/1/1981 0:00,,,,,,,,,
415,8/1/1981 0:00,,,,,,,,,
416,9/1/1981 0:00,,,,,,,,,
417,10/1/1981 0:00,,,,,,,,,
418,11/1/1981 0:00,,,,,,,,,
419,12/1/1981 0:00,,,,,,,,,
420,1/1/1982 0:00,,,,,,,,,
421,2/1/1982 0:00,,,,,,,,,
422,3/1/1982 0:00,,,,,,,,,
423,4/1/1982 0:00,,,,,,,,,
424,5/1/1982 0:00,,,,,,,,,
425,6/1/1982 0:00,,,,,,,,,
426,7/1/1982 0:00,,,,,,,,,
427,8/1/1982 0:00,,,,,,,,,
428,9/1/1982 0:00,,,,,,,,,
429,10/1/1982 0:00,,,,,,,,,
430,11/1/1982 0:00,,,,,,,,,
431,12/1/1982 0:00,,,,,,,,,
432,1/1/1983 0:00,,,,,,,,,
433,2/1/1983 0:00,,,,,,,,,
434,3/1/1983 0:00,,,,,,,,,
435,4/1/1983 0:00,,,,,,,,,
436,5/1/1983 0:00,,,,,,,,,
437,6/1/1983 0:00,,,,,,,,,
438,7/1/1983 0:00,,,,,,,,,
439,8/1/1983 0:00,,,,,,,,,
440,9/1/1983 0:00,,,,,,,,,
441,10/1/1983 0:00,,,,,,,,,
442,11/1/1983 0:00,,,,,,,,,
443,12/1/1983 0:00,,,,,,,,,
444,1/1/1984 0:00,,,,,,,,,
445,2/1/1984 0:00,,,,,,,,,
446,3/1/1984 0:00,,,,,,,,,
447,4/1/1984 0:00,,,,,,,,,
448,5/1/1984 0:00,,,,,,,,,
449,6/1/1984 0:00,,,,,,,,,
450,7/1/1984 0:00,,,,,,,,,
451,8/1/1984 0:00,,,,,,,,,
452,9/1/1984 0:00,,,,,,,,,
453,10/1/1984 0:00,,,,,,,,,
454,11/1/1984 0:00,,,,,,,,,
455,12/1/1984 0:00,,,,,,,,,
456,1/1/1985 0:00,,,,,,,,,
457,2/1/1985 0:00,,,,,,,,,
458,3/1/1985 0:00,,,,,,,,,
459,4/1/1985 0:00,,,,,,,,,
460,5/1/1985 0:00,,,,,,,,,
461,6/1/1985 0:00,,,,,,,,,
462,7/1/1985 0:00,,,,,,,,,
463,8/1/1985 0:00,,,,,,,,,
464,9/1/1985 0:00,,,,,,,,,
465,10/1/1985 0:00,,,,,,,,,
466,11/1/1985 0:00,,,,,,,,,
467,12/1/1985 0:00,,,,,,,,,
468,1/1/1986 0:00,,,,,,,,,
469,2/1/1986 0:00,,,,,,,,,
470,3/1/1986 0:00,,,,,,,,,
471,4/1/1986 0:00,,,,,,,,,
472,5/1/1986 0:00,,,,,,,,,
473,6/1/1986 0:00,,,,,,,,,
474,7/1/1986 0:00,,,,,,,,,
475,8/1/1986 0:00,,,,,,,,,
476,9/1/1986 0:00,,,,,,,,,
477,10/1/1986 0:00,,,,,,,,,
478,11/1/1986 0:00,,,,,,,,,
479,12/1/1986 0:00,,,,,,,,,
480,1/1/1987 0:00,,,,,,,,,
481,2/1/1987 0:00,,,,,,,,,
482,3/1/1987 0:00,,,,,,,,,
483,4/1/1987 0:00,,,,,,,,,
484,5/1/1987 0:00,,,,,,,,,
485,6/1/1987 0:00,,,,,,,,,
486,7/1/1987 0:00,,,,,,,,,
487,8/1/1987 0:00,,,,,,,,,
488,9/1/1987 0:00,,,,,,,,,
489,10/1/1987 0:00,,,,,,,,,
490,11/1/1987 0:00,,,,,,,,,
491,12/1/1987 0:00,,,,,,,,,
492,1/1/1988 0:00,,,,,,,,,
493,2/1/1988 0:00,,,,,,,,,
494,3/1/1988 0:00,,,,,,,,,
495,4/1/1988 0:00,,,,,,,,,
496,5/1/1988 0:00,,,,,,,,,
497,6/1/1988 0:00,,,,,,,,,
498,7/1/1988 0:00,,,,,,,,,
499,8/1/1988 0:00,,,,,,,,,
500,9/1/1988 0:00,,,,,,,,,
501,10/1/1988 0:00,,,,,,,,,
502,11/1/1988 0:00,,,,,,,,,
503,12/1/1988 0:00,,,,,,,,,
504,1/1/1989 0:00,,,,,,,,,
505,2/1/1989 0:00,,,,,,,,,
506,3/1/1989 0:00,,,,,,,,,
507,4/1/1989 0:00,,,,,,,,,
508,5/1/1989 0:00,,,,,,,,,
509,6/1/1989 0:00,,,,,,,,,
510,7/1/1989 0:00,,,,,,,,,
511,8/1/1989 0:00,,,,,,,,,
512,9/1/1989 0:00,,,,,,,,,
513,10/1/1989 0:00,,,,,,,,,
514,11/1/1989 0:00,,,,,,,,,
515,12/1/1989 0:00,,,,,,,,,
516,1/1/1990 0:00,,,,,,,,,
517,2/1/1990 0:00,,,,,,,,,
518,3/1/1990 0:00,,,,,,,,,
519,4/1/1990 0:00,,,,,,,,,
520,5/1/1990 0:00,,,,,,,,,
521,6/1/1990 0:00,,,,,,,,,
522,7/1/1990 0:00,,,,,,,,,
523,8/1/1990 0:00,,,,,,,,,
524,9/1/1990 0:00,,,,,,,,,
525,10/1/1990 0:00,,,,,,,,,
526,11/1/1990 0:00,,,,,,,,,
527,12/1/1990 0:00,,,,,,,,,
528,1/1/1991 0:00,,,,,,,,,
529,2/1/1991 0:00,,,,,,,,,
530,3/1/1991 0:00,,,,,,,,,
531,4/1/1991 0:00,,,,,,,,,
532,5/1/1991 0:00,,,,,,,,,
533,6/1/1991 0:00,,,,,,,,,
534,7/1/1991 0:00,,,,,,,,,
535,8/1/1991 0:00,,,,,,,,,
536,9/1/1991 0:00,,,,,,,,,
537,10/1/1991 0:00,,,,,,,,,
538,11/1/1991 0:00,,,,,,,,,
539,12/1/1991 0:00,,,,,,,,,
540,1/1/1992 0:00,,,,,,,,,
541,2/1/1992 0:00,,,,,,,,,
542,3/1/1992 0:00,,,,,,,,,
543,4/1/1992 0:00,,,,,,,,,
544,5/1/1992 0:00,,,,,,,,,
545,6/1/1992 0:00,,,,,,,,,
546,7/1/1992 0:00,,,,,,,,,
547,8/1/1992 0:00,,,,,,,,,
548,9/1/1992 0:00,,,,,,,,,
549,10/1/1992 0:00,,,,,,,,,
550,11/1/1992 0:00,,,,,,,,,
551,12/1/1992 0:00,,,,,,,,,
552,1/1/1993 0:00,,,,,,,,,
553,2/1/1993 0:00,,,,,,,,,
554,3/1/1993 0:00,,,,,,,,,
555,4/1/1993 0:00,,,,,,,,,
556,5/1/1993 0:00,,,,,,,,,
557,6/1/1993 0:00,,,,,,,,,
558,7/1/1993 0:00,,,,,,,,,
559,8/1/1993 0:00,,,,,,,,,
560,9/1/1993 0:00,,,,,,,,,
561,10/1/1993 0:00,,,,,,,,,
562,11/1/1993 0:00,,,,,,,,,
563,12/1/1993 0:00,,,,,,,,,
564,1/1/1994 0:00,,,,,,,,,
565,2/1/1994 0:00,,,,,,,,,
566,3/1/1994 0:00,,,,,,,,,
567,4/1/1994 0:00,,,,,,,,,
568,5/1/1994 0:00,,,,,,,,,
569,6/1/1994 0:00,,,,,,,,,
570,7/1/1994 0:00,,,,,,,,,
571,8/1/1994 0:00,,,,,,,,,
572,9/1/1994 0:00,,,,,,,,,
573,10/1/1994 0:00,,,,,,,,,
574,11/1/1994 0:00,,,,,,,,,
575,12/1/1994 0:00,,,,,,,,,
576,1/1/1995 0:00,,,,,,,,,
577,2/1/1995 0:00,,,,,,,,,
578,3/1/1995 0:00,,,,,,,,,
579,4/1/1995 0:00,,,,,,,,,
580,5/1/1995 0:00,,,,,,,,,
581,6/1/1995 0:00,,,,,,,,,
582,7/1/1995 0:00,,,,,,,,,
583,8/1/1995 0:00,,,,,,,,,
584,9/1/1995 0:00,,,,,,,,,
585,10/1/1995 0:00,,,,,,,,,
586,11/1/1995 0:00,,,,,,,,,
587,12/1/1995 0:00,,,,,,,,,
588,1/1/1996 0:00,,,,,,,,,
589,2/1/1996 0:00,,,,,,,,,
590,3/1/1996 0:00,,,,,,,,,
591,4/1/1996 0:00,,,,,,,,,
592,5/1/1996 0:00,,,,,,,,,
593,6/1/1996 0:00,,,,,,,,,
594,7/1/1996 0:00,,,,,,,,,
595,8/1/1996 0:00,,,,,,,,,
596,9/1/1996 0:00,,,,,,,,,
597,10/1/1996 0:00,,,,,,,,,
598,11/1/1996 0:00,,,,,,,,,
599,12/1/1996 0:00,,,,,,,,,
600,1/1/1997 0:00,,,,,,,,,
601,2/1/1997 0:00,,,,,,,,,
602,3/1/1997 0:00,,,,,,,,,
603,4/1/1997 0:00,,,,,,,,,
604,5/1/1997 0:00,,,,,,,,,
605,6/1/1997 0:00,,,,,,,,,
606,7/1/1997 0:00,,,,,,,,,
607,8/1/1997 0:00,,,,,,,,,
608,9/1/1997 0:00,,,,,,,,,
609,10/1/1997 0:00,,,,,,,,,
610,11/1/1997 0:00,,,,,,,,,
611,12/1/1997 0:00,,,,,,,,,
612,1/1/1998 0:00,,,,,,,,,
613,2/1/1998 0:00,,,,,,,,,
614,3/1/1998 0:00,,,,,,,,,
615,4/1/1998 0:00,,,,,,,,,
616,5/1/1998 0:00,,,,,,,,,
617,6/1/1998 0:00,,,,,,,,,
618,7/1/1998 0:00,,,,,,,,,
619,8/1/1998 0:00,,,,,,,,,
620,9/1/1998 0:00,,,,,,,,,
621,10/1/1998 0:00,,,,,,,,,
622,11/1/1998 0:00,,,,,,,,,
623,12/1/1998 0:00,,,,,,,,,
624,1/1/1999 0:00,,,,,,,,,
625,2/1/1999 0:00,,,,,,,,,
626,3/1/1999 0:00,,,,,,,,,
627,4/1/1999 0:00,,,,,,,,,
628,5/1/1999 0:00,,,,,,,,,
629,6/1/1999 0:00,,,,,,,,,
630,7/1/1999 0:00,,,,,,,,,
631,8/1/1999 0:00,,,,,,,,,
632,9/1/1999 0:00,,,,,,,,,
633,10/1/1999 0:00,,,,,,,,,
634,11/1/1999 0:00,,,,,,,,,
635,12/1/1999 0:00,,,,,,,,,
636,1/1/2000 0:00,,,,,,,,,
637,2/1/2000 0:00,,,,,,,,,
638,3/1/2000 0:00,,,,,,,,,
639,4/1/2000 0:00,,,,,,,,,
640,5/1/2000 0:00,,,,,,,,,
641,6/1/2000 0:00,,,,,,,,,
642,7/1/2000 0:00,,,,,,,,,
643,8/1/2000 0:00,,,,,,,,,
644,9/1/2000 0:00,,,,,,,,,
645,10/1/2000 0:00,,,,,,,,,
646,11/1/2000 0:00,,,,,,,,,
647,12/1/2000 0:00,,,,,,,,,
648,1/1/2001 0:00,,,,,,,,,
649,2/1/2001 0:00,,,,,,,,,
650,3/1/2001 0:00,,,,,,,,,
651,4/1/2001 0:00,,,,,,,,,
652,5/1/2001 0:00,,,,,,,,,
653,6/1/2001 0:00,,,,,,,,,
654,7/1/2001 0:00,,,,,,,,,
655,8/1/2001 0:00,,,,,,,,,
656,9/1/2001 0:00,,,,,,,,,
657,10/1/2001 0:00,,,,,,,,,
658,11/1/2001 0:00,,,,,,,,,
659,12/1/2001 0:00,,,,,,,,,
660,1/1/2002 0:00,,,,,,,,,
661,2/1/2002 0:00,,,,,,,,,
662,3/1/2002 0:00,,,,,,,,,
663,4/1/2002 0:00,,,,,,,,,
664,5/1/2002 0:00,,,,,,,,,
665,6/1/2002 0:00,,,,,,,,,
666,7/1/2002 0:00,,,,,,,,,
667,8/1/2002 0:00,,,,,,,,,
668,9/1/2002 0:00,,,,,,,,,
669,10/1/2002 0:00,,,,,,,,,
670,11/1/2002 0:00,,,,,,,,,
671,12/1/2002 0:00,,,,,,,,,
672,1/1/2003 0:00,,,,,,,,,
673,2/1/2003 0:00,,,,,,,,,
674,3/1/2003 0:00,,,,,,,,,
675,4/1/2003 0:00,,,,,,,,,
676,5/1/2003 0:00,,,,,,,,,
677,6/1/2003 0:00,,,,,,,,,
678,7/1/2003 0:00,,,,,,,,,
679,8/1/2003 0:00,,,,,,,,,
680,9/1/2003 0:00,,,,,,,,,
681,10/1/2003 0:00,,,,,,,,,
682,11/1/2003 0:00,,,,,,,,,
683,12/1/2003 0:00,,,,,,,,,
684,1/1/2004 0:00,,,,,,,,,
685,2/1/2004 0:00,,,,,,,,,
686,3/1/2004 0:00,,,,,,,,,
687,4/1/2004 0:00,,,,,,,,,
688,5/1/2004 0:00,,,,,,,,,
689,6/1/2004 0:00,,,,,,,,,
690,7/1/2004 0:00,,,,,,,,,
691,8/1/2004 0:00,,,,,,,,,
692,9/1/2004 0:00,,,,,,,,,
693,10/1/2004 0:00,,,,,,,,,
694,11/1/2004 0:00,,,,,,,,,
695,12/1/2004 0:00,,,,,,,,,
696,1/1/2005 0:00,38100,55500,191000,505200,407900,1348500,0.053,0.658,7784000
697,2/1/2005 0:00,37700,55100,191400,503400,407700,1349000,0.054,0.659,7980000
698,3/1/2005 0:00,37600,56700,191900,504200,409200,1359900,0.052,0.659,7737000
699,4/1/2005 0:00,37800,59400,193300,507300,413700,1377300,0.052,0.661,7672000
700,5/1/2005 0:00,37500,61100,193900,507800,415300,1391700,0.051,0.661,7651000
701,6/1/2005 0:00,37800,62600,193900,508300,383900,1418900,0.05,0.661,7524000
702,7/1/2005 0:00,37900,62800,194000,506200,335600,1418600,0.05,0.661,7406000
703,8/1/2005 0:00,38300,63800,192600,504800,328100,1423400,0.049,0.662,7345000
704,9/1/2005 0:00,38200,62600,193200,495400,405000,1424000,0.05,0.661,7553000
705,10/1/2005 0:00,37800,62500,192700,493100,411700,1426900,0.05,0.661,7453000
706,11/1/2005 0:00,37600,62000,192300,487500,420000,1422400,0.05,0.66,7566000
707,12/1/2005 0:00,37600,62600,191400,486000,418100,1414700,0.049,0.66,7279000
708,1/1/2006 0:00,38200,61200,189100,483600,414700,1392200,0.047,0.66,7064000
709,2/1/2006 0:00,38000,59600,189000,482000,418200,1387700,0.048,0.661,7184000
710,3/1/2006 0:00,38300,60100,189200,483300,418400,1397800,0.047,0.662,7072000
711,4/1/2006 0:00,38300,62100,191100,485300,418400,1416200,0.047,0.661,7120000
712,5/1/2006 0:00,38600,62800,192400,486200,427400,1427100,0.046,0.661,6980000
713,6/1/2006 0:00,38800,63800,193000,487500,405100,1452300,0.046,0.662,7001000
714,7/1/2006 0:00,39300,64600,193600,488900,345400,1459000,0.047,0.661,7175000
715,8/1/2006 0:00,39400,65200,192700,491200,338900,1464400,0.047,0.662,7091000
716,9/1/2006 0:00,38600,64700,193600,490800,417400,1464800,0.045,0.661,6847000
717,10/1/2006 0:00,39200,63400,193900,490200,421800,1463300,0.044,0.662,6727000
718,11/1/2006 0:00,39000,62000,194700,484600,426700,1456100,0.045,0.663,6872000
719,12/1/2006 0:00,39000,63300,196300,490100,425300,1453200,0.044,0.664,6762000
720,1/1/2007 0:00,39800,61600,195600,487400,424100,1428600,0.046,0.664,7116000
721,2/1/2007 0:00,39900,61400,197300,480100,429200,1417700,0.045,0.663,6927000
722,3/1/2007 0:00,39900,61100,198400,483700,428000,1426200,0.044,0.662,6731000
723,4/1/2007 0:00,39400,62300,198600,490600,428700,1430700,0.045,0.659,6850000
724,5/1/2007 0:00,39800,64600,199200,484500,436000,1446100,0.044,0.66,6766000
725,6/1/2007 0:00,39900,67700,197700,494300,410300,1462400,0.046,0.66,6979000
726,7/1/2007 0:00,40100,68900,198300,495100,358800,1452300,0.047,0.66,7149000
727,8/1/2007 0:00,40100,70200,199200,497100,356000,1454900,0.046,0.658,7067000
728,9/1/2007 0:00,39600,68600,198000,496500,438500,1455600,0.047,0.66,7170000
729,10/1/2007 0:00,40000,67300,196700,495300,443200,1446500,0.047,0.658,7237000
730,11/1/2007 0:00,40200,66000,197100,497600,440200,1434300,0.047,0.66,7240000
731,12/1/2007 0:00,40500,66400,195100,498800,440300,1420300,0.05,0.66,7645000
883,8/1/2020 0:00,,,,,,,,,
882,7/1/2020 0:00,49700,58100,142000,398600,271400,1457100,0.102,0.614,16338000
881,6/1/2020 0:00,50000,57200,144600,382200,307000,1449600,0.111,0.615,17750000
880,5/1/2020 0:00,50400,57100,148000,385300,328900,1430000,0.133,0.608,20985000
879,4/1/2020 0:00,50500,57900,154900,432700,331300,1414600,0.147,0.602,23078000
878,3/1/2020 0:00,51300,62000,159200,510700,515300,1499400,0.044,0.627,7140000
877,2/1/2020 0:00,50400,62800,158900,508000,520500,1503400,0.035,0.634,5787000
876,1/1/2020 0:00,51200,63100,159700,505500,517500,1501600,0.036,0.634,5892000
875,12/1/2019 0:00,51400,64300,163700,506300,522000,1525200,0.035,0.632,5753000
874,11/1/2019 0:00,51400,65500,165900,504300,520400,1539700,0.035,0.632,5811000
873,10/1/2019 0:00,51300,66700,167600,506300,519300,1543800,0.036,0.633,5857000
872,9/1/2019 0:00,51400,66600,170500,503200,513800,1543400,0.035,0.632,5753000
871,8/1/2019 0:00,51400,68300,173500,505800,429900,1552600,0.037,0.632,5999000
870,7/1/2019 0:00,52000,68300,175200,509500,429700,1553600,0.037,0.63,6027000
869,6/1/2019 0:00,51800,67200,176000,507600,496900,1548700,0.037,0.63,5985000
868,5/1/2019 0:00,51700,67100,178000,501200,517600,1533700,0.036,0.629,5938000
867,4/1/2019 0:00,50800,64700,179500,499500,516600,1517200,0.036,0.628,5850000
866,3/1/2019 0:00,50700,63500,180500,499200,511800,1507400,0.038,0.63,6194000
865,2/1/2019 0:00,50200,63300,181300,498100,509700,1505600,0.038,0.631,6181000
864,1/1/2019 0:00,50600,63800,182200,494900,503900,1501000,0.04,0.632,6516000
863,12/1/2018 0:00,50600,64700,183200,496000,512000,1522100,0.039,0.63,6286000
862,11/1/2018 0:00,50300,64700,184800,493100,512600,1527300,0.037,0.629,6034000
861,10/1/2018 0:00,50800,65900,184300,495300,513500,1526800,0.038,0.629,6123000
860,9/1/2018 0:00,50500,66400,183500,496900,509400,1525800,0.037,0.628,6045000
859,8/1/2018 0:00,50100,68200,183300,499800,434200,1523300,0.038,0.627,6167000
858,7/1/2018 0:00,50300,68000,182300,501500,432900,1508900,0.038,0.629,6180000
857,6/1/2018 0:00,50000,68000,182000,501600,491000,1503600,0.04,0.63,6519000
856,5/1/2018 0:00,49200,65700,181500,498800,508400,1485500,0.038,0.629,6209000
855,4/1/2018 0:00,48700,63900,180100,497500,506300,1469800,0.04,0.629,6418000
854,3/1/2018 0:00,49200,61800,178900,495600,506700,1463400,0.04,0.629,6493000
853,2/1/2018 0:00,48700,61100,178500,494500,506900,1453200,0.041,0.63,6641000
852,1/1/2018 0:00,47800,62900,177900,492500,502300,1444200,0.041,0.627,6582000
851,12/1/2017 0:00,49000,64300,179200,494900,510600,1467600,0.041,0.627,6561000
850,11/1/2017 0:00,49000,64400,179900,495100,511500,1473800,0.042,0.627,6697000
849,10/1/2017 0:00,48500,65400,180400,495600,516300,1478700,0.041,0.627,6599000
848,9/1/2017 0:00,48300,66600,180800,494500,513800,1474400,0.042,0.631,6841000
847,8/1/2017 0:00,48700,67200,181600,497100,428100,1474800,0.044,0.629,7097000
846,7/1/2017 0:00,48500,67500,181800,495100,433000,1474800,0.043,0.628,6867000
845,6/1/2017 0:00,48600,67300,183100,494800,490200,1469300,0.043,0.628,6933000
844,5/1/2017 0:00,48400,66000,183600,492100,516200,1453100,0.044,0.628,7059000
843,4/1/2017 0:00,48900,64200,183700,488400,503600,1443100,0.044,0.63,7085000
842,3/1/2017 0:00,49500,62700,184000,486700,508200,1429800,0.044,0.629,7088000
841,2/1/2017 0:00,48700,61900,182800,482000,505200,1425100,0.046,0.628,7399000
840,1/1/2017 0:00,48900,62800,181800,481500,501600,1419200,0.047,0.628,7518000
839,12/1/2016 0:00,49200,63400,183300,480600,504000,1451000,0.047,0.627,7495000
838,11/1/2016 0:00,49000,63500,184300,480800,506700,1460200,0.047,0.627,7488000
837,10/1/2016 0:00,49400,65500,184200,480700,505000,1466300,0.049,0.628,7827000
836,9/1/2016 0:00,49400,66400,184300,481600,498100,1460200,0.05,0.629,7967000
835,8/1/2016 0:00,49600,68900,184100,485300,440700,1463900,0.049,0.629,7809000
834,7/1/2016 0:00,49800,69300,183600,483800,433100,1460600,0.048,0.627,7658000
833,6/1/2016 0:00,49700,68900,182700,482700,480600,1458500,0.049,0.627,7786000
832,5/1/2016 0:00,50000,66700,182500,479300,510700,1445900,0.048,0.627,7668000
831,4/1/2016 0:00,50300,65200,182400,473300,506700,1432900,0.05,0.628,7975000
830,3/1/2016 0:00,49700,63900,182500,469600,503700,1424500,0.05,0.629,7945000
829,2/1/2016 0:00,50100,62500,183300,466400,496800,1424000,0.049,0.628,7746000
828,1/1/2016 0:00,51200,62700,186400,466400,496100,1428800,0.049,0.627,7721000
827,12/1/2015 0:00,51100,63600,191700,466200,502900,1455400,0.05,0.627,7907000
826,11/1/2015 0:00,50500,63600,196100,464800,501100,1463400,0.051,0.625,8000000
825,10/1/2015 0:00,50600,65200,198500,466000,503600,1468400,0.05,0.625,7922000
824,9/1/2015 0:00,50900,66300,200400,464100,497900,1475300,0.05,0.624,7907000
823,8/1/2015 0:00,50500,67300,203000,464700,427100,1480000,0.051,0.626,7992000
822,7/1/2015 0:00,50100,68200,205700,463600,427400,1481100,0.052,0.626,8167000
821,6/1/2015 0:00,50000,68100,207400,460000,477900,1474700,0.053,0.627,8247000
820,5/1/2015 0:00,49800,66400,208400,456100,501700,1451500,0.056,0.629,8834000
819,4/1/2015 0:00,48900,65900,210100,453400,496600,1428900,0.054,0.628,8550000
818,3/1/2015 0:00,48200,65100,208900,449200,495800,1418400,0.054,0.626,8515000
817,2/1/2015 0:00,47900,65000,207800,447600,492200,1417900,0.055,0.627,8599000
816,1/1/2015 0:00,47300,65300,206800,447000,495700,1417100,0.057,0.629,8885000
815,12/1/2014 0:00,47600,67000,205800,447200,498600,1441500,0.056,0.628,8717000
814,11/1/2014 0:00,47600,66700,204400,448400,498900,1444500,0.058,0.629,9090000
813,10/1/2014 0:00,47400,67400,203500,448000,497300,1450400,0.057,0.629,8990000
812,9/1/2014 0:00,47200,68300,202700,444900,489900,1448400,0.059,0.628,9262000
811,8/1/2014 0:00,47200,70400,201700,446600,417700,1447800,0.061,0.629,9599000
810,7/1/2014 0:00,47400,70200,200500,448900,412500,1439900,0.062,0.629,9608000
809,6/1/2014 0:00,47200,69300,199200,447400,460700,1432400,0.061,0.628,9460000
808,5/1/2014 0:00,46800,67800,198900,444100,484600,1414300,0.063,0.629,9859000
807,4/1/2014 0:00,46800,66300,196600,439700,482300,1393100,0.062,0.628,9702000
806,3/1/2014 0:00,46500,64900,194800,440200,483800,1374800,0.067,0.631,10380000
805,2/1/2014 0:00,46400,65200,194200,437000,480000,1361700,0.067,0.629,10349000
804,1/1/2014 0:00,46200,64600,194400,438400,477900,1363900,0.066,0.629,10202000
803,12/1/2013 0:00,45900,65200,195100,441200,484600,1390100,0.067,0.629,10404000
802,11/1/2013 0:00,45500,65200,195800,438700,481900,1402000,0.069,0.63,10787000
801,10/1/2013 0:00,45000,65700,194300,438400,481700,1405800,0.072,0.628,11136000
800,9/1/2013 0:00,44800,66300,194600,441100,474200,1406900,0.072,0.632,11270000
799,8/1/2013 0:00,44900,67300,195100,443900,377400,1409500,0.072,0.633,11279000
798,7/1/2013 0:00,44900,67800,195900,446900,375200,1401200,0.073,0.633,11335000
797,6/1/2013 0:00,44600,66400,196700,448600,450900,1397000,0.075,0.634,11751000
796,5/1/2013 0:00,44300,65500,196600,447500,472700,1383000,0.075,0.634,11654000
795,4/1/2013 0:00,43400,65000,196700,447600,471000,1365700,0.076,0.634,11760000
794,3/1/2013 0:00,43400,64200,196100,447100,467500,1343300,0.075,0.633,11689000
793,2/1/2013 0:00,43400,62700,195000,444800,462600,1342400,0.077,0.634,11950000
792,1/1/2013 0:00,43300,62600,194700,446000,467200,1344200,0.08,0.637,12471000
791,12/1/2012 0:00,43600,64100,195400,451700,468100,1364900,0.079,0.637,12298000
790,11/1/2012 0:00,43000,64400,195400,453000,466300,1373600,0.077,0.636,12005000
789,10/1/2012 0:00,43500,65800,195000,455900,469000,1378200,0.078,0.638,12124000
788,9/1/2012 0:00,43800,65800,193500,459000,462200,1376200,0.078,0.636,12115000
787,8/1/2012 0:00,43600,66700,196200,464200,382800,1382300,0.081,0.635,12471000
786,7/1/2012 0:00,43600,66400,195200,465300,381100,1374000,0.082,0.637,12656000
785,6/1/2012 0:00,43800,64600,196500,465500,433600,1367200,0.082,0.638,12692000
784,5/1/2012 0:00,43400,62800,195700,461500,467500,1341800,0.082,0.637,12660000
783,4/1/2012 0:00,43400,61600,196400,459800,446000,1321300,0.082,0.637,12646000
782,3/1/2012 0:00,43600,62000,194600,459100,463300,1313400,0.082,0.638,12713000
781,2/1/2012 0:00,43600,62000,193200,457200,464700,1305000,0.083,0.638,12813000
780,1/1/2012 0:00,43700,60900,193500,457900,464800,1300000,0.083,0.637,12797000
779,12/1/2011 0:00,43400,60200,194200,457100,465400,1320000,0.085,0.64,13093000
778,11/1/2011 0:00,43200,59700,194900,456500,464000,1327800,0.086,0.641,13302000
777,10/1/2011 0:00,43000,61500,195200,457400,466400,1330400,0.088,0.641,13594000
776,9/1/2011 0:00,42900,61500,195300,459400,460500,1329700,0.09,0.642,13948000
775,8/1/2011 0:00,42700,62500,195300,461700,386600,1328400,0.09,0.641,13818000
774,7/1/2011 0:00,43300,62100,194000,462900,387500,1322900,0.09,0.64,13763000
773,6/1/2011 0:00,43100,62300,194700,461000,447900,1321200,0.091,0.64,13962000
772,5/1/2011 0:00,42800,61900,192600,456900,463800,1294600,0.09,0.641,13855000
771,4/1/2011 0:00,42800,60700,191800,453200,460500,1277900,0.091,0.642,13957000
770,3/1/2011 0:00,42600,60700,190900,453300,453600,1265000,0.09,0.642,13737000
769,2/1/2011 0:00,42200,61200,188900,452200,453100,1248700,0.09,0.641,13820000
768,1/1/2011 0:00,42400,61600,187100,450800,453500,1245100,0.091,0.642,14013000
767,12/1/2010 0:00,42100,63100,188100,452900,461500,1270200,0.093,0.643,14348000
766,11/1/2010 0:00,42000,62500,188700,452800,463800,1284200,0.098,0.646,15081000
765,10/1/2010 0:00,41800,63000,187400,453600,463500,1283800,0.094,0.644,14516000
764,9/1/2010 0:00,41800,63100,186800,455500,455600,1281700,0.095,0.646,14579000
763,8/1/2010 0:00,42500,64500,185000,459100,370600,1280900,0.095,0.647,14648000
762,7/1/2010 0:00,42200,64600,184900,459600,384100,1271300,0.094,0.646,14512000
761,6/1/2010 0:00,42000,64700,182700,461000,430100,1261100,0.094,0.646,14474000
760,5/1/2010 0:00,41700,62500,180300,460500,445700,1238700,0.096,0.649,14849000
759,4/1/2010 0:00,42400,60500,179700,461300,443400,1220700,0.099,0.652,15325000
758,3/1/2010 0:00,42400,60300,178300,461700,442800,1208300,0.099,0.649,15202000
757,2/1/2010 0:00,43500,58100,177300,461500,435800,1200300,0.098,0.649,15113000
756,1/1/2010 0:00,43400,60700,177200,459600,437200,1208100,0.098,0.648,15046000
755,12/1/2009 0:00,43100,62200,178300,459100,440700,1240400,0.099,0.646,15098000
754,11/1/2009 0:00,43800,61700,179000,459100,443600,1260700,0.099,0.65,15219000
753,10/1/2009 0:00,43900,64000,180300,460600,441200,1266600,0.1,0.65,15352000
752,9/1/2009 0:00,43600,64400,181100,462300,434000,1276000,0.098,0.651,15009000
751,8/1/2009 0:00,42800,64800,182200,464800,360800,1276100,0.096,0.654,14814000
750,7/1/2009 0:00,42200,64200,182900,463600,368100,1274300,0.095,0.655,14601000
749,6/1/2009 0:00,42200,64000,182200,462500,436500,1277100,0.095,0.657,14707000
748,5/1/2009 0:00,42000,63400,184800,462100,449200,1262900,0.094,0.657,14499000
747,4/1/2009 0:00,42200,63300,188400,460100,440600,1257500,0.09,0.657,13853000
746,3/1/2009 0:00,41700,63000,189600,466200,442800,1268700,0.087,0.656,13426000
745,2/1/2009 0:00,42000,63200,191700,466200,442200,1274800,0.083,0.658,12898000
744,1/1/2009 0:00,42200,63100,194400,467300,439600,1287600,0.078,0.657,12058000
743,12/1/2008 0:00,42700,63700,194100,471900,444800,1343300,0.073,0.658,11286000
742,11/1/2008 0:00,42500,65900,195900,475400,444800,1364500,0.068,0.659,10538000
741,10/1/2008 0:00,42300,69200,196800,476900,445500,1386800,0.065,0.66,10074000
740,9/1/2008 0:00,42500,69800,194400,482800,438600,1395200,0.061,0.66,9494000
739,8/1/2008 0:00,42300,71100,196400,489000,371000,1409800,0.061,0.661,9438000
738,7/1/2008 0:00,42900,71400,196500,493700,373800,1404300,0.058,0.661,8937000
737,6/1/2008 0:00,42400,69900,194700,497200,431800,1410300,0.056,0.661,8575000
736,5/1/2008 0:00,41500,67200,196600,498400,449100,1405100,0.054,0.661,8395000
735,4/1/2008 0:00,40400,65500,195900,499700,448100,1394400,0.05,0.659,7637000
734,3/1/2008 0:00,40500,62800,194600,502500,440800,1389800,0.051,0.661,7822000
733,2/1/2008 0:00,40400,63200,194300,501800,439900,1377300,0.049,0.66,7497000
732,1/1/2008 0:00,40300,65100,194200,499000,437000,1391900,0.05,0.662,7685000
