,IndexID,Date,Passengers,Passenger_Miles,Total_Train_Miles,Employee_Hours_Worked,Yard_Switching_Miles
336,336,1/1/1975 0:00,0.0,2624696.0,4134425.0,1501878.0,0.0
337,337,2/1/1975 0:00,0.0,2275826.0,3600736.0,1371524.0,0.0
338,338,3/1/1975 0:00,0.0,2520943.0,4067192.0,1516787.0,0.0
339,339,4/1/1975 0:00,0.0,2478477.0,4000157.0,1583115.0,0.0
340,340,5/1/1975 0:00,0.0,2561119.0,4050197.0,1544540.0,0.0
341,341,6/1/1975 0:00,0.0,2549572.0,4013103.0,1639952.0,0.0
342,342,7/1/1975 0:00,0.0,2641537.0,4050570.0,1760248.0,0.0
343,343,8/1/1975 0:00,0.0,2653549.0,4075438.0,1678639.0,0.0
344,344,9/1/1975 0:00,0.0,2463992.0,4012156.0,1621803.0,0.0
345,345,10/1/1975 0:00,0.0,2487430.0,3819751.0,1506077.0,0.0
346,346,11/1/1975 0:00,0.0,2476125.0,3650153.0,1497704.0,0.0
347,347,12/1/1975 0:00,0.0,2677458.0,4840304.0,1793002.0,0.0
348,348,1/1/1976 0:00,996828.0,202351881.0,2273275.0,3548703.0,0.0
349,349,2/1/1976 0:00,887277.0,164519889.0,2251815.0,2916547.0,0.0
350,350,3/1/1976 0:00,1056631.0,201489751.0,2251815.0,3192050.0,0.0
351,351,4/1/1976 0:00,1152911.0,238652605.0,2251815.0,3190463.0,0.0
352,352,5/1/1976 0:00,1149155.0,216748268.0,2216552.0,3193174.0,0.0
353,353,6/1/1976 0:00,1160478.0,268086916.0,2216552.0,2107084.0,0.0
354,354,7/1/1976 0:00,1222553.0,326045324.0,2216552.0,2066915.0,0.0
355,355,8/1/1976 0:00,1266288.0,330319599.0,2216552.0,2034382.0,0.0
356,356,9/1/1976 0:00,1008553.0,197915221.0,2393205.0,2081699.0,0.0
357,357,10/1/1976 0:00,1012449.0,183965385.0,2479727.0,1908199.0,0.0
358,358,11/1/1976 0:00,1072691.0,197218172.0,2479727.0,1606059.0,0.0
359,359,12/1/1976 0:00,1105820.0,239325713.0,2479727.0,1782476.0,0.0
360,360,1/1/1977 0:00,1437596.0,291825616.0,2307894.0,3589989.0,0.0
361,361,2/1/1977 0:00,1279606.0,237265489.0,2286107.0,2950478.0,0.0
362,362,3/1/1977 0:00,1523842.0,290582278.0,2286107.0,3229187.0,0.0
363,363,4/1/1977 0:00,1662694.0,344177395.0,2286107.0,3227581.0,0.0
364,364,5/1/1977 0:00,1657277.0,312587639.0,2250307.0,3230324.0,0.0
365,365,6/1/1977 0:00,1673607.0,386626648.0,2250307.0,2131598.0,0.0
366,366,7/1/1977 0:00,1763130.0,470212468.0,2250307.0,2090962.0,0.0
367,367,8/1/1977 0:00,1826204.0,476376695.0,2250307.0,2058050.0,0.0
368,368,9/1/1977 0:00,1454505.0,285427203.0,2429650.0,2105918.0,0.0
369,369,10/1/1977 0:00,1460123.0,265309182.0,2517490.0,1930399.0,0.0
370,370,11/1/1977 0:00,1547003.0,284421939.0,2517490.0,1624745.0,0.0
371,371,12/1/1977 0:00,1594782.0,345148131.0,2517490.0,1803214.0,0.0
372,372,1/1/1978 0:00,1391774.0,287236602.0,2709777.0,3474610.0,50768.0
373,373,2/1/1978 0:00,1356145.0,258838712.0,2709777.0,3258980.0,50768.0
374,374,3/1/1978 0:00,1707239.0,355226561.0,2709777.0,3345861.0,50768.0
375,375,4/1/1978 0:00,1662485.0,319749376.0,2689068.0,3389751.0,49798.0
376,376,5/1/1978 0:00,1666871.0,319754286.0,2665799.0,3494393.0,49789.0
377,377,6/1/1978 0:00,1679257.0,330444939.0,2665799.0,3618324.0,49789.0
378,378,7/1/1978 0:00,1600757.0,368272257.0,2787962.0,3273926.0,49789.0
379,379,8/1/1978 0:00,1753974.0,443510955.0,2804059.0,3286011.0,49798.0
380,380,9/1/1978 0:00,1766872.0,462215107.0,2804059.0,3540385.0,49798.0
381,381,10/1/1978 0:00,1427120.0,281746816.0,2804059.0,3410058.0,49798.0
382,382,11/1/1978 0:00,1452261.0,298975774.0,2723805.0,3252447.0,49600.0
383,383,12/1/1978 0:00,1677584.0,341406277.0,2723805.0,3278135.0,49600.0
384,384,1/1/1979 0:00,1577481.0,332438930.0,2665646.0,3183603.0,47234.0
385,385,2/1/1979 0:00,1420085.0,292459667.0,2715779.0,2919036.0,82887.0
386,386,3/1/1979 0:00,1704073.0,358911279.0,2695503.0,3099983.0,58706.0
387,387,4/1/1979 0:00,1854583.0,429690320.0,2723715.0,3101774.0,56834.0
388,388,5/1/1979 0:00,1938714.0,423567784.0,2731114.0,3548594.0,58130.0
389,389,6/1/1979 0:00,1875203.0,431688325.0,2850754.0,3458438.0,59676.0
390,390,7/1/1979 0:00,2189632.0,579442355.0,2882810.0,3511732.0,59858.0
391,391,8/1/1979 0:00,2208284.0,576096475.0,2888889.0,3354132.0,60237.0
392,392,9/1/1979 0:00,1641040.0,356856839.0,2839172.0,3318416.0,57051.0
393,393,10/1/1979 0:00,1620595.0,304052657.0,2849533.0,3193102.0,55681.0
394,394,11/1/1979 0:00,1695042.0,319775002.0,2840769.0,3813529.0,58209.0
395,395,12/1/1979 0:00,1694139.0,391251407.0,2667611.0,3197776.0,55129.0
396,396,1/1/1980 0:00,1578290.0,323882518.0,2456398.0,3293730.0,47097.0
397,397,2/1/1980 0:00,1525752.0,300938429.0,2450916.0,3501179.0,46577.0
398,398,3/1/1980 0:00,1760796.0,354669362.0,2462566.0,3273383.0,47164.0
399,399,4/1/1980 0:00,1773639.0,375635173.0,2583261.0,3402143.0,46122.0
400,400,5/1/1980 0:00,1848318.0,364492106.0,2614674.0,3566376.0,49102.0
401,401,6/1/1980 0:00,1941523.0,448949828.0,2614470.0,3581070.0,46523.0
402,402,7/1/1980 0:00,2062274.0,517803638.0,2762993.0,3651680.0,54563.0
403,403,8/1/1980 0:00,2221053.0,540785182.0,2773160.0,3265583.0,52667.0
404,404,9/1/1980 0:00,1632467.0,341722593.0,2755955.0,3101045.0,52327.0
405,405,10/1/1980 0:00,1707361.0,342363610.0,2732938.0,3497160.0,50909.0
406,406,11/1/1980 0:00,1656067.0,319669631.0,2709296.0,3319898.0,50032.0
407,407,12/1/1980 0:00,1730875.0,415505216.0,2698082.0,4578363.0,49171.0
408,408,1/1/1981 0:00,1520915.0,343956618.0,2688839.0,3822383.0,51302.0
409,409,2/1/1981 0:00,1425523.0,294135454.0,2680427.0,3797940.0,48716.0
410,410,3/1/1981 0:00,1708445.0,373372418.0,2709225.0,4097161.0,48914.0
411,411,4/1/1981 0:00,1861920.0,418617942.0,2723559.0,3657729.0,52649.0
412,412,5/1/1981 0:00,1835570.0,380282446.0,2800356.0,3598082.0,43550.0
413,413,6/1/1981 0:00,1872614.0,466750379.0,2828921.0,3680319.0,44434.0
414,414,7/1/1981 0:00,1885958.0,468332285.0,2835717.0,3610388.0,46880.0
415,415,8/1/1981 0:00,1945558.0,526685917.0,2806148.0,3357723.0,38467.0
416,416,9/1/1981 0:00,1925194.0,525108456.0,2774995.0,3373042.0,41208.0
417,417,10/1/1981 0:00,1885518.0,535087861.0,2739032.0,3204312.0,38045.0
418,418,11/1/1981 0:00,1561930.0,354611461.0,2712986.0,3093771.0,38229.0
419,419,12/1/1981 0:00,1561673.0,354596797.0,2768554.0,3141127.0,40733.0
420,420,1/1/1982 0:00,1547623.0,291664176.0,2794754.0,3098257.0,39168.0
421,421,2/1/1982 0:00,1541403.0,318837837.0,2745598.0,3292813.0,36674.0
422,422,3/1/1982 0:00,1413187.0,276534903.0,2786365.0,3371540.0,36763.0
423,423,4/1/1982 0:00,1599424.0,334977975.0,2808115.0,3225333.0,38920.0
424,424,5/1/1982 0:00,1573111.0,298468514.0,2636437.0,3239839.0,41880.0
425,425,6/1/1982 0:00,1648035.0,373090871.0,2652603.0,3353045.0,41591.0
426,426,7/1/1982 0:00,1787798.0,459324724.0,2669187.0,3220500.0,42246.0
427,427,8/1/1982 0:00,1786232.0,460358208.0,2672709.0,3281079.0,39353.0
428,428,9/1/1982 0:00,1379782.0,308384272.0,2691277.0,3111591.0,42595.0
429,429,10/1/1982 0:00,1399247.0,282048323.0,2641126.0,3171928.0,39204.0
430,430,11/1/1982 0:00,1441052.0,267079114.0,2592092.0,3049554.0,36811.0
431,431,12/1/1982 0:00,1549025.0,344868233.0,2574038.0,3144559.0,36842.0
432,432,1/1/1983 0:00,1341059.0,249387529.0,2587549.0,3247584.0,35706.0
433,433,2/1/1983 0:00,1303557.0,247571244.0,2598558.0,3004099.0,35405.0
434,434,3/1/1983 0:00,1844343.0,352307186.0,2590471.0,3507476.0,37649.0
435,435,4/1/1983 0:00,1651721.0,367071178.0,2589149.0,3242007.0,35482.0
436,436,5/1/1983 0:00,1775455.0,395670361.0,2682550.0,3367493.0,37350.0
437,437,6/1/1983 0:00,1711937.0,378701934.0,2762508.0,3472530.0,39213.0
438,438,7/1/1983 0:00,1797846.0,491145822.0,2758865.0,3313419.0,42440.0
439,439,8/1/1983 0:00,1867284.0,502936360.0,2775819.0,3702029.0,41990.0
440,440,9/1/1983 0:00,1492043.0,341851501.0,2762749.0,3537411.0,37890.0
441,441,10/1/1983 0:00,1514220.0,304623060.0,2643982.0,3350252.0,37401.0
442,442,11/1/1983 0:00,1685990.0,339730596.0,2611111.0,3413642.0,38054.0
443,443,12/1/1983 0:00,1740703.0,398461946.0,2596377.0,3350633.0,35296.0
444,444,1/1/1984 0:00,1467803.0,307681981.0,2564627.0,3457852.0,33929.0
445,445,2/1/1984 0:00,1436811.0,291174544.0,2542197.0,3509266.0,35563.0
446,446,3/1/1984 0:00,1844863.0,352312310.0,2551267.0,3742825.0,38488.0
447,447,4/1/1984 0:00,1715714.0,363831315.0,2650053.0,3596604.0,36945.0
448,448,5/1/1984 0:00,1790525.0,385418088.0,2670333.0,3830679.0,41264.0
449,449,6/1/1984 0:00,1856406.0,486947879.0,2670526.0,3833360.0,38716.0
450,450,7/1/1984 0:00,1835175.0,489114018.0,2696385.0,3966936.0,42055.0
451,451,8/1/1984 0:00,1907818.0,489076562.0,2696351.0,3886219.0,37576.0
452,452,9/1/1984 0:00,1519687.0,332632187.0,2665962.0,3625893.0,37649.0
453,453,10/1/1984 0:00,1646059.0,322808898.0,2613480.0,3868378.0,35387.0
454,454,11/1/1984 0:00,1695506.0,338072234.0,2562281.0,3586010.0,34839.0
455,455,12/1/1984 0:00,1721071.0,397050861.0,2588197.0,3592605.0,34726.0
456,456,1/1/1985 0:00,1545184.0,321076094.0,2649730.0,3458493.0,36323.0
457,457,2/1/1985 0:00,1465605.0,293523705.0,2597076.0,3177217.0,36454.0
458,458,3/1/1985 0:00,2425329.0,321126882.0,2667676.0,3276279.0,41659.0
459,459,4/1/1985 0:00,1817154.0,399849791.0,2651121.0,3317863.0,37190.0
460,460,5/1/1985 0:00,1892166.0,426612452.0,2704860.0,3500832.0,38225.0
461,461,6/1/1985 0:00,1902643.0,509520086.0,2765995.0,3344976.0,43331.0
462,462,7/1/1985 0:00,1973724.0,535791329.0,2759129.0,3396984.0,47946.0
463,463,8/1/1985 0:00,2072542.0,563906126.0,2743590.0,3362645.0,39001.0
464,464,9/1/1985 0:00,1535591.0,356816889.0,2673361.0,3254110.0,23495.0
465,465,10/1/1985 0:00,1675177.0,365391089.0,2676010.0,3315971.0,42348.0
466,466,11/1/1985 0:00,1701898.0,372434446.0,2627707.0,3198287.0,37805.0
467,467,12/1/1985 0:00,854511.0,1974634.0,2669453.0,3211825.0,39367.0
468,468,1/1/1986 0:00,1493719.0,349586084.0,2680692.0,3354444.0,39510.0
469,469,2/1/1986 0:00,1412130.0,312596501.0,2640693.0,3110099.0,38294.0
470,470,3/1/1986 0:00,1738517.0,411930640.0,2641264.0,3269425.0,37669.0
471,471,4/1/1986 0:00,1659967.0,377826410.0,2661009.0,3265479.0,42092.0
472,472,5/1/1986 0:00,1759297.0,404516445.0,2689122.0,3245102.0,37331.0
473,473,6/1/1986 0:00,1838438.0,500624667.0,2692519.0,3246970.0,38952.0
474,474,7/1/1986 0:00,1929123.0,534847559.0,2720757.0,3401328.0,41230.0
475,475,8/1/1986 0:00,1981564.0,545916903.0,2711050.0,3656442.0,37174.0
476,476,9/1/1986 0:00,1550647.0,376880443.0,2658921.0,3318209.0,36531.0
477,477,10/1/1986 0:00,1681599.0,390813134.0,2574687.0,3312136.0,33059.0
478,478,11/1/1986 0:00,1660519.0,371478152.0,2607625.0,3400056.0,35029.0
479,479,12/1/1986 0:00,1724873.0,447767559.0,2605015.0,3506666.0,36802.0
480,480,1/1/1987 0:00,1450628.0,358289350.0,2459546.0,3769935.0,32573.0
481,481,2/1/1987 0:00,1372333.0,301085684.0,2451109.0,3755831.0,24981.0
482,482,3/1/1987 0:00,2759081.0,388815258.0,2461279.0,3538017.0,33413.0
483,483,4/1/1987 0:00,2770118.0,426085439.0,2469475.0,3773246.0,34841.0
484,484,5/1/1987 0:00,2775109.0,458751988.0,2482239.0,3802843.0,35693.0
485,485,6/1/1987 0:00,2945723.0,552030727.0,2504024.0,3770726.0,37907.0
486,486,7/1/1987 0:00,3045135.0,617011317.0,2491466.0,3925557.0,38273.0
487,487,8/1/1987 0:00,3440627.0,612281988.0,2492619.0,3921396.0,36545.0
488,488,9/1/1987 0:00,2797714.0,444662254.0,2503398.0,3858954.0,38105.0
489,489,10/1/1987 0:00,2906499.0,459915152.0,3676371.0,3863048.0,36623.0
490,490,11/1/1987 0:00,2894114.0,449298073.0,3671530.0,3886013.0,34151.0
491,491,12/1/1987 0:00,2937638.0,512975274.0,3674109.0,3900396.0,35573.0
492,492,1/1/1988 0:00,2758022.0,438205167.0,2974007.0,3839743.0,253812.0
493,493,2/1/1988 0:00,2775449.0,398804701.0,2959143.0,3806424.0,238823.0
494,494,3/1/1988 0:00,3039536.0,477518429.0,2996982.0,3799798.0,254663.0
495,495,4/1/1988 0:00,3007325.0,489350896.0,2978239.0,3957654.0,246527.0
496,496,5/1/1988 0:00,3138900.0,504941385.0,3097446.0,3932968.0,255602.0
497,497,6/1/1988 0:00,3160569.0,561852336.0,2991850.0,3772320.0,248326.0
498,498,7/1/1988 0:00,3190245.0,626555031.0,2989658.0,3757577.0,255242.0
499,499,8/1/1988 0:00,3388548.0,622505527.0,3009309.0,3959783.0,256188.0
500,500,9/1/1988 0:00,3016533.0,453463218.0,2973850.0,3747636.0,243890.0
501,501,10/1/1988 0:00,3111015.0,466272584.0,2967540.0,3770284.0,254656.0
502,502,11/1/1988 0:00,3103388.0,463915317.0,2952341.0,3669620.0,244097.0
503,503,12/1/1988 0:00,2980971.0,508813528.0,2967515.0,3739589.0,255200.0
504,504,1/1/1989 0:00,2999216.0,469510726.0,4256064.0,3858967.0,41507.0
505,505,2/1/1989 0:00,2785225.0,434694155.0,3883985.0,3551268.0,37261.0
506,506,3/1/1989 0:00,3236645.0,550044172.0,3084111.0,3944396.0,256222.0
507,507,4/1/1989 0:00,3169046.0,523064606.0,3039109.0,3839813.0,246087.0
508,508,5/1/1989 0:00,3358854.0,535726497.0,3166762.0,4081932.0,255914.0
509,509,6/1/1989 0:00,3312222.0,552382730.0,3154587.0,4016634.0,250060.0
510,510,7/1/1989 0:00,3261690.0,587853863.0,3241076.0,3883498.0,256985.0
511,511,8/1/1989 0:00,3457783.0,610136410.0,3285655.0,4095795.0,258228.0
512,512,9/1/1989 0:00,3116073.0,476859869.0,3121841.0,3814913.0,249332.0
513,513,10/1/1989 0:00,3259384.0,493441341.0,3243676.0,4041438.0,255445.0
514,514,11/1/1989 0:00,3215293.0,489801394.0,3190792.0,3902820.0,245759.0
515,515,12/1/1989 0:00,3045824.0,514837659.0,3276301.0,4056777.0,255372.0
516,516,1/1/1990 0:00,3036227.0,454115779.0,3313933.0,4047428.0,255715.0
517,517,2/1/1990 0:00,2898964.0,435086002.0,3043228.0,3721556.0,259856.0
518,518,3/1/1990 0:00,3357853.0,568289732.0,3359064.0,4180909.0,270110.0
519,519,4/1/1990 0:00,3320439.0,568101697.0,3273832.0,3967407.0,260389.0
520,520,5/1/1990 0:00,3300195.0,539628385.0,3402071.0,4195187.0,261446.0
521,521,6/1/1990 0:00,3276973.0,570694457.0,3348164.0,4110336.0,262109.0
522,522,7/1/1990 0:00,3372917.0,618571581.0,3416483.0,4495852.0,261422.0
523,523,8/1/1990 0:00,3368443.0,609210368.0,3446940.0,3756997.0,270203.0
524,524,9/1/1990 0:00,3073787.0,488444939.0,3269824.0,3913335.0,254621.0
525,525,10/1/1990 0:00,3291394.0,514253920.0,3613612.0,4140351.0,269333.0
526,526,11/1/1990 0:00,3181611.0,516429873.0,3356131.0,3911772.0,252853.0
527,527,12/1/1990 0:00,3023138.0,531619395.0,3395859.0,4015812.0,260517.0
528,528,1/1/1991 0:00,3097361.0,496467387.0,3174949.0,4113356.0,253166.0
529,529,2/1/1991 0:00,2891106.0,469504489.0,3078234.0,3709558.0,235957.0
530,530,3/1/1991 0:00,3243410.0,587905914.0,3422738.0,3997287.0,271345.0
531,531,4/1/1991 0:00,3141980.0,509488334.0,3283384.0,4058620.0,261902.0
532,532,5/1/1991 0:00,3220867.0,566342448.0,3456623.0,4158573.0,263323.0
533,533,6/1/1991 0:00,3230739.0,603845247.0,3418914.0,3958934.0,263590.0
534,534,7/1/1991 0:00,3351988.0,633450001.0,3521275.0,4016734.0,262249.0
535,535,8/1/1991 0:00,3365286.0,664013874.0,3505725.0,4111875.0,271615.0
536,536,9/1/1991 0:00,3051106.0,494557648.0,3344412.0,3928465.0,255398.0
537,537,10/1/1991 0:00,3035491.0,509037626.0,3205728.0,4233577.0,271601.0
538,538,11/1/1991 0:00,2872184.0,472359118.0,3104234.0,3840021.0,253273.0
539,539,12/1/1991 0:00,3088620.0,550795984.0,3221896.0,3825335.0,261361.0
540,540,1/1/1992 0:00,2953192.0,493541137.0,3578455.0,4025289.0,254314.0
541,541,2/1/1992 0:00,2814366.0,462084011.0,3322699.0,3699311.0,236230.0
542,542,3/1/1992 0:00,3235404.0,559205172.0,3608238.0,4066795.0,270156.0
543,543,4/1/1992 0:00,3250776.0,572122965.0,3505924.0,3937293.0,261320.0
544,544,5/1/1992 0:00,3437451.0,546043825.0,3563754.0,3967554.0,262549.0
545,545,6/1/1992 0:00,3018138.0,478204759.0,3277368.0,3971745.0,262847.0
546,546,7/1/1992 0:00,3337720.0,610774196.0,3694025.0,4132381.0,262572.0
547,547,8/1/1992 0:00,3425174.0,627359211.0,3689030.0,4045132.0,272166.0
548,548,9/1/1992 0:00,3084837.0,516516158.0,3572052.0,4015013.0,255564.0
549,549,10/1/1992 0:00,3181422.0,538313763.0,3692566.0,4244756.0,269398.0
550,550,11/1/1992 0:00,3185873.0,539769246.0,3601335.0,3898735.0,251537.0
551,551,12/1/1992 0:00,3158046.0,551397116.0,3712953.0,3941180.0,260064.0
552,552,1/1/1993 0:00,3054123.0,500349189.0,3608667.0,4016468.0,200210.0
553,553,2/1/1993 0:00,2937448.0,461280157.0,3305329.0,3811175.0,186032.0
554,554,3/1/1993 0:00,3287516.0,534476186.0,3670178.0,4353403.0,212832.0
555,555,4/1/1993 0:00,3304762.0,562429065.0,3600733.0,4118114.0,206322.0
556,556,5/1/1993 0:00,3267243.0,554039017.0,3686558.0,4194770.0,207990.0
557,557,6/1/1993 0:00,3395962.0,580500717.0,3658547.0,4257141.0,206707.0
558,558,7/1/1993 0:00,3370573.0,586861727.0,3741280.0,4085987.0,204361.0
559,559,8/1/1993 0:00,3505918.0,611839976.0,3760693.0,4202455.0,213213.0
560,560,9/1/1993 0:00,3158100.0,501353952.0,3630214.0,4365296.0,201084.0
561,561,10/1/1993 0:00,3218031.0,507702230.0,3766372.0,4209811.0,217674.0
562,562,11/1/1993 0:00,3215947.0,489299178.0,3561630.0,4030402.0,197707.0
563,563,12/1/1993 0:00,3111083.0,503041903.0,3692885.0,3999055.0,203081.0
564,564,1/1/1994 0:00,3150985.0,472917856.0,3539097.0,4154780.0,198044.0
565,565,2/1/1994 0:00,3092354.0,463567851.0,4097509.0,3876554.0,184488.0
566,566,3/1/1994 0:00,3481677.0,572167273.0,3669052.0,4384043.0,210612.0
567,567,4/1/1994 0:00,3308812.0,546898075.0,3522919.0,4125356.0,209362.0
568,568,5/1/1994 0:00,3397517.0,524008197.0,3639315.0,4274055.0,205165.0
569,569,6/1/1994 0:00,3397045.0,531971149.0,3568609.0,3698083.0,206562.0
570,570,7/1/1994 0:00,3471268.0,578257564.0,3642983.0,4123484.0,205426.0
571,571,8/1/1994 0:00,3619233.0,587229076.0,3708206.0,4529251.0,213300.0
572,572,9/1/1994 0:00,3312771.0,490032783.0,3556231.0,4199036.0,202378.0
573,573,10/1/1994 0:00,3436149.0,493619903.0,3628679.0,4312674.0,211134.0
574,574,11/1/1994 0:00,3412984.0,477594716.0,3591495.0,4302015.0,198312.0
575,575,12/1/1994 0:00,3291265.0,490779357.0,3762147.0,4060031.0,203048.0
576,576,1/1/1995 0:00,3209841.0,425207429.0,3543608.0,3874957.0,153915.0
577,577,2/1/1995 0:00,3053626.0,393268412.0,3062154.0,3689979.0,144176.0
578,578,3/1/1995 0:00,3413313.0,489360683.0,3440449.0,4121952.0,169672.0
579,579,4/1/1995 0:00,3356446.0,490903635.0,3135433.0,3750132.0,159514.0
580,580,5/1/1995 0:00,3463527.0,511120586.0,3308494.0,3732267.0,161967.0
581,581,6/1/1995 0:00,3353598.0,542693418.0,3140872.0,3977164.0,163375.0
582,582,7/1/1995 0:00,3431899.0,571259638.0,3179631.0,3878164.0,161742.0
583,583,8/1/1995 0:00,3552940.0,580982161.0,3226213.0,3740261.0,173050.0
584,584,9/1/1995 0:00,3208323.0,451385426.0,3043263.0,3765409.0,159009.0
585,585,10/1/1995 0:00,3325631.0,441202778.0,3137927.0,4004163.0,167580.0
586,586,11/1/1995 0:00,3210029.0,435470011.0,3623374.0,3727936.0,156520.0
587,587,12/1/1995 0:00,3119053.0,444598571.0,3114921.0,3659487.0,159214.0
588,588,1/1/1996 0:00,2990875.0,362022328.0,3053546.0,3967896.0,154884.0
589,589,2/1/1996 0:00,2965922.0,343413949.0,2975275.0,3639347.0,144547.0
590,590,3/1/1996 0:00,3104832.0,416042895.0,3115320.0,3864706.0,169612.0
591,591,4/1/1996 0:00,3235894.0,425092726.0,3027555.0,3754950.0,159443.0
592,592,5/1/1996 0:00,3371160.0,467573082.0,3141509.0,3926463.0,160445.0
593,593,6/1/1996 0:00,1809256.0,476554648.0,2716298.0,3414004.0,161065.0
594,594,7/1/1996 0:00,1971486.0,525954361.0,2731264.0,3543506.0,161975.0
595,595,8/1/1996 0:00,2078166.0,551695523.0,2835613.0,3572978.0,170868.0
596,596,9/1/1996 0:00,1608040.0,412344840.0,2688612.0,3096507.0,154988.0
597,597,10/1/1996 0:00,1689996.0,425991795.0,2805129.0,3682284.0,165348.0
598,598,11/1/1996 0:00,1581188.0,389249720.0,2732435.0,3378351.0,150635.0
599,599,12/1/1996 0:00,1703378.0,437256586.0,2879697.0,3757265.0,160060.0
600,600,1/1/1997 0:00,1398967.0,337798678.0,3328713.0,3577885.0,180185.0
601,601,2/1/1997 0:00,1399987.0,337893100.0,3303546.0,3187892.0,157812.0
602,602,3/1/1997 0:00,1713561.0,416925515.0,3318158.0,3448021.0,170087.0
603,603,4/1/1997 0:00,1659157.0,408488665.0,3236239.0,3598016.0,170835.0
604,604,5/1/1997 0:00,1815079.0,444032624.0,3370616.0,3603905.0,199264.0
605,605,6/1/1997 0:00,1903113.0,481053743.0,3256726.0,3528974.0,174866.0
606,606,7/1/1997 0:00,2111040.0,540293509.0,3414323.0,3822281.0,215510.0
607,607,8/1/1997 0:00,2174236.0,552486079.0,3040550.0,3571261.0,207744.0
608,608,9/1/1997 0:00,1676933.0,425814893.0,2922788.0,3690784.0,195665.0
609,609,10/1/1997 0:00,1778068.0,445858326.0,3028937.0,3791932.0,208657.0
610,610,11/1/1997 0:00,1735641.0,441249575.0,2921509.0,3403290.0,189114.0
611,611,12/1/1997 0:00,1799564.0,454400575.0,3003478.0,3539698.0,199655.0
612,612,1/1/1998 0:00,1573034.0,371355589.0,2994789.0,3611005.0,206113.0
613,613,2/1/1998 0:00,1416842.0,326874247.0,2970330.0,3365570.0,181700.0
614,614,3/1/1998 0:00,1758974.0,426172239.0,3044212.0,3784360.0,203393.0
615,615,4/1/1998 0:00,1829817.0,447877815.0,2966276.0,3665648.0,199367.0
616,616,5/1/1998 0:00,1898488.0,462341914.0,3104841.0,3704016.0,204320.0
617,617,6/1/1998 0:00,1925774.0,482325897.0,3061691.0,3873538.0,207232.0
618,618,7/1/1998 0:00,2141613.0,537481124.0,3154295.0,3925805.0,223098.0
619,619,8/1/1998 0:00,2083037.0,526444502.0,3064411.0,3797148.0,213238.0
620,620,9/1/1998 0:00,1731345.0,430364874.0,2985583.0,3795589.0,200292.0
621,621,10/1/1998 0:00,1796119.0,444719403.0,3084853.0,3843193.0,210010.0
622,622,11/1/1998 0:00,1819527.0,427669956.0,3006226.0,3650969.0,189863.0
623,623,12/1/1998 0:00,1849336.0,459051399.0,3069674.0,3627003.0,177062.0
624,624,1/1/1999 0:00,1601532.0,384824724.0,3087577.0,3797055.0,210035.0
625,625,2/1/1999 0:00,1550245.0,350270063.0,2805493.0,3499916.0,182372.0
626,626,3/1/1999 0:00,1835025.0,436837107.0,3144895.0,4045745.0,204447.0
627,627,4/1/1999 0:00,1843867.0,435360347.0,3071044.0,3857590.0,201558.0
628,628,5/1/1999 0:00,1912287.0,450054655.0,3181470.0,3914419.0,207460.0
629,629,6/1/1999 0:00,2014835.0,496553598.0,3142757.0,4015672.0,211982.0
630,630,7/1/1999 0:00,2132858.0,543923323.0,3244917.0,4007649.0,228646.0
631,631,8/1/1999 0:00,2099737.0,528001216.0,3246178.0,4087939.0,216773.0
632,632,9/1/1999 0:00,1701827.0,393137094.0,2992076.0,3884533.0,199663.0
633,633,10/1/1999 0:00,1809743.0,425897553.0,3206974.0,3961885.0,212887.0
634,634,11/1/1999 0:00,1852808.0,421595015.0,3116115.0,3816626.0,193987.0
635,635,12/1/1999 0:00,1840903.0,442742459.0,3203228.0,3797569.0,221003.0
636,636,1/1/2000 0:00,1543871.0,366607410.0,3178238.0,3884956.0,200487.0
637,637,2/1/2000 0:00,1618764.0,366139276.0,3029921.0,3728990.0,190075.0
638,638,3/1/2000 0:00,1924055.0,453096388.0,3264900.0,4095524.0,210315.0
639,639,4/1/2000 0:00,1977517.0,473751011.0,3137423.0,3724866.0,203171.0
640,640,5/1/2000 0:00,2053643.0,481725263.0,3295481.0,4119189.0,229033.0
641,641,6/1/2000 0:00,2128695.0,517102460.0,3228546.0,3950579.0,208562.0
642,642,7/1/2000 0:00,2179403.0,564747276.0,3306932.0,3935743.0,208310.0
643,643,8/1/2000 0:00,2213683.0,558060051.0,3343198.0,4093007.0,214358.0
644,644,9/1/2000 0:00,1880892.0,446489429.0,3213223.0,3891056.0,204935.0
645,645,10/1/2000 0:00,1979403.0,462329685.0,1944302.0,4100880.0,233139.0
646,646,11/1/2000 0:00,1982030.0,442268378.0,3214792.0,3935939.0,198536.0
647,647,12/1/2000 0:00,2001810.0,461651082.0,3265043.0,3685066.0,204215.0
648,648,1/1/2001 0:00,1683799.0,379458113.0,3278833.0,3834634.0,202582.0
649,649,2/1/2001 0:00,1745627.0,366288212.0,3013676.0,3468671.0,191092.0
650,650,3/1/2001 0:00,2011105.0,448912584.0,3350323.0,3838789.0,214235.0
651,651,4/1/2001 0:00,2027208.0,455496342.0,3193056.0,3644452.0,184414.0
652,652,5/1/2001 0:00,2085933.0,462376555.0,3414322.0,3857375.0,230142.0
653,653,6/1/2001 0:00,2188063.0,528690495.0,3309971.0,3688314.0,213569.0
654,654,7/1/2001 0:00,2251180.0,564037290.0,3436118.0,3688620.0,216006.0
655,655,8/1/2001 0:00,2327134.0,562266005.0,3470372.0,3823082.0,220652.0
656,656,9/1/2001 0:00,1762273.0,446266947.0,3309637.0,3588402.0,206621.0
657,657,10/1/2001 0:00,1952178.0,452095177.0,3484415.0,3997244.0,236620.0
658,658,11/1/2001 0:00,1973972.0,446094295.0,3349413.0,3595400.0,210258.0
659,659,12/1/2001 0:00,1988189.0,479188686.0,3388866.0,3357846.0,177757.0
660,660,1/1/2002 0:00,1759871.0,398443099.0,3449820.0,3753338.0,201805.0
661,661,2/1/2002 0:00,1772163.0,397948979.0,3146083.0,3279163.0,192440.0
662,662,3/1/2002 0:00,2021506.0,459147305.0,3474697.0,3462288.0,189907.0
663,663,4/1/2002 0:00,2049477.0,453149024.0,3375089.0,3465832.0,183928.0
664,664,5/1/2002 0:00,2114453.0,461622928.0,3544543.0,3594613.0,235836.0
665,665,6/1/2002 0:00,2108990.0,499734575.0,3423311.0,3348673.0,215133.0
666,666,7/1/2002 0:00,2252579.0,564023742.0,3519049.0,3422331.0,216418.0
667,667,8/1/2002 0:00,2145056.0,516067118.0,3442490.0,3486738.0,221255.0
668,668,9/1/2002 0:00,1795362.0,385089969.0,3357481.0,3300520.0,199570.0
669,669,10/1/2002 0:00,1919552.0,399247828.0,3531369.0,3516510.0,261744.0
670,670,11/1/2002 0:00,1860455.0,376011411.0,3362258.0,3138729.0,208824.0
671,671,12/1/2002 0:00,2010859.0,448245893.0,3471202.0,3119488.0,216848.0
672,672,1/1/2003 0:00,1778411.0,393287373.0,3492959.0,3334707.0,214932.0
673,673,2/1/2003 0:00,1750527.0,390041481.0,3075308.0,3093034.0,197712.0
674,674,3/1/2003 0:00,2067860.0,472573962.0,3449746.0,3334837.0,224115.0
675,675,4/1/2003 0:00,2099917.0,483653074.0,3356762.0,3283200.0,197111.0
676,676,5/1/2003 0:00,2148109.0,489484678.0,3526089.0,3406228.0,251527.0
677,677,6/1/2003 0:00,2234326.0,531138943.0,3430092.0,3301869.0,226421.0
678,678,7/1/2003 0:00,2339152.0,578767927.0,3521838.0,3377364.0,226461.0
679,679,8/1/2003 0:00,2218201.0,557897322.0,3522479.0,3337370.0,231078.0
680,680,9/1/2003 0:00,1950824.0,427807444.0,3340517.0,3266961.0,217091.0
681,681,10/1/2003 0:00,2122801.0,463025617.0,3540731.0,3259559.0,245486.0
682,682,11/1/2003 0:00,2076766.0,448181812.0,3364895.0,3074287.0,222986.0
683,683,12/1/2003 0:00,2142333.0,489403554.0,3473435.0,3154382.0,214798.0
684,684,1/1/2004 0:00,1832125.0,410338393.0,3421239.0,3235764.0,215925.0
685,685,2/1/2004 0:00,1839253.0,389778365.0,3203266.0,3101904.0,203595.0
686,686,3/1/2004 0:00,2134151.0,452956930.0,3497464.0,3428953.0,221916.0
687,687,4/1/2004 0:00,2191027.0,471114446.0,3361628.0,3232054.0,215451.0
688,688,5/1/2004 0:00,2218207.0,472861212.0,3420454.0,3344800.0,243135.0
689,689,6/1/2004 0:00,2221743.0,514365919.0,3356346.0,3451479.0,226918.0
690,690,7/1/2004 0:00,2291328.0,554813029.0,3500527.0,3359455.0,232771.0
691,691,8/1/2004 0:00,2220921.0,511216651.0,3506284.0,3446259.0,237951.0
692,692,9/1/2004 0:00,1938327.0,401403280.0,3283544.0,3266465.0,224226.0
693,693,10/1/2004 0:00,2115874.0,436908280.0,3521681.0,3320355.0,249119.0
694,694,11/1/2004 0:00,2157451.0,440222335.0,3354450.0,3201482.0,214741.0
695,695,12/1/2004 0:00,2230181.0,476798294.0,3448991.0,3137694.0,221641.0
696,696,1/1/2005 0:00,1839989.0,378368103.0,3339582.0,3203078.0,226426.0
697,697,2/1/2005 0:00,1794687.0,351583660.0,3068580.0,2984504.0,210886.0
698,698,3/1/2005 0:00,2259679.0,463828081.0,3441123.0,3364647.0,252975.0
699,699,4/1/2005 0:00,2118528.0,430496434.0,3253238.0,3217894.0,221997.0
700,700,5/1/2005 0:00,2197000.0,462014277.0,3334596.0,3263367.0,227972.0
701,701,6/1/2005 0:00,2229181.0,508598324.0,3266316.0,3251803.0,232483.0
702,702,7/1/2005 0:00,2294045.0,548229054.0,3335575.0,3219043.0,230117.0
703,703,8/1/2005 0:00,2240237.0,511556316.0,3406844.0,3451799.0,258759.0
704,704,9/1/2005 0:00,2098159.0,436175168.0,3243126.0,3157384.0,216173.0
705,705,10/1/2005 0:00,2122908.0,432503304.0,3378017.0,3192168.0,227293.0
706,706,11/1/2005 0:00,2076932.0,435866215.0,3250466.0,3097953.0,218347.0
707,707,12/1/2005 0:00,2005417.0,447261670.0,3276882.0,3015519.0,223255.0
708,708,1/1/2006 0:00,1719180.0,363830405.0,3283391.0,3127357.0,228549.0
709,709,2/1/2006 0:00,1691007.0,347575222.0,2965680.0,2901638.0,212394.0
710,710,3/1/2006 0:00,2035593.0,430329187.0,3371943.0,3308004.0,261878.0
711,711,4/1/2006 0:00,2072708.0,445609435.0,3209644.0,3043590.0,224080.0
712,712,5/1/2006 0:00,2137806.0,459957974.0,3347504.0,3260833.0,224747.0
713,713,6/1/2006 0:00,2237119.0,516527472.0,3289283.0,3199531.0,230334.0
714,714,7/1/2006 0:00,2259429.0,549393934.0,3354056.0,3140454.0,229935.0
715,715,8/1/2006 0:00,2248256.0,530942270.0,3399512.0,3321303.0,238033.0
716,716,9/1/2006 0:00,1955830.0,427768908.0,3294187.0,3151792.0,253382.0
717,717,10/1/2006 0:00,2142741.0,451598087.0,3387829.0,3218233.0,232370.0
718,718,11/1/2006 0:00,2154746.0,451610146.0,3366870.0,3084829.0,224714.0
719,719,12/1/2006 0:00,2070530.0,461370074.0,3423096.0,2977391.0,233642.0
720,720,1/1/2007 0:00,1797833.0,377529725.0,3458828.0,3184044.0,230387.0
721,721,2/1/2007 0:00,1780001.0,360542790.0,3089233.0,2878284.0,218986.0
722,722,3/1/2007 0:00,2175847.0,459164806.0,3489454.0,3325001.0,262524.0
723,723,4/1/2007 0:00,2208166.0,470429231.0,3363170.0,3130029.0,227985.0
724,724,5/1/2007 0:00,2314375.0,494257576.0,3505786.0,3301459.0,229260.0
725,725,6/1/2007 0:00,2327930.0,545207971.0,3399084.0,3188923.0,231943.0
726,726,7/1/2007 0:00,2459575.0,585837053.0,3519559.0,3210346.0,232776.0
727,727,8/1/2007 0:00,2468308.0,570807078.0,3536676.0,3347717.0,235076.0
728,728,9/1/2007 0:00,2118244.0,451772968.0,3369792.0,3052935.0,228121.0
729,729,10/1/2007 0:00,2340628.0,483184463.0,3508841.0,3334727.0,232370.0
730,730,11/1/2007 0:00,2414398.0,503151672.0,3400870.0,3039860.0,224714.0
731,731,12/1/2007 0:00,2313336.0,508739922.0,3418348.0,2895404.0,230091.0
735,880,5/1/2020 0:00,213983.0,69098462.0,2037397.0,2745323.0,128937.0
736,879,4/1/2020 0:00,121154.0,36018048.0,2070618.0,2745367.0,121903.0
737,878,3/1/2020 0:00,1130190.0,233377315.0,2997776.0,3073471.0,162151.0
738,877,2/1/2020 0:00,2163475.0,400433113.0,3124037.0,2945522.0,174288.0
739,876,1/1/2020 0:00,2399424.0,447564878.0,3505313.0,3147306.0,182445.0
740,875,12/1/2019 0:00,2791252.0,524685446.0,3404907.0,2918102.0,179475.0
741,874,11/1/2019 0:00,2788274.0,524186383.0,3405480.0,2950851.0,180909.0
742,873,10/1/2019 0:00,2856692.0,540165523.0,3535184.0,3314190.0,185349.0
743,872,9/1/2019 0:00,2748268.0,528336348.0,3388490.0,3045856.0,184628.0
744,871,8/1/2019 0:00,3056574.0,626644744.0,3566282.0,3291356.0,207037.0
745,870,7/1/2019 0:00,3108797.0,657244637.0,3523575.0,3241361.0,193669.0
746,869,6/1/2019 0:00,2988187.0,618224369.0,3387252.0,3086515.0,185634.0
747,868,5/1/2019 0:00,2897825.0,576765031.0,3535458.0,3264618.0,194725.0
748,867,4/1/2019 0:00,2728995.0,532041046.0,3405853.0,3156890.0,177472.0
749,866,3/1/2019 0:00,2692861.0,517020057.0,3494111.0,3222021.0,190018.0
750,865,2/1/2019 0:00,2164554.0,400576951.0,3112920.0,2877892.0,164452.0
751,864,1/1/2019 0:00,2288770.0,443790117.0,3417817.0,3185889.0,177672.0
752,863,12/1/2018 0:00,2672584.0,551882741.0,3400344.0,2850120.0,178475.0
753,862,11/1/2018 0:00,2875062.0,561549866.0,3388609.0,3022043.0,176801.0
754,861,10/1/2018 0:00,2809806.0,541695863.0,3495697.0,3317689.0,182051.0
755,860,9/1/2018 0:00,2583522.0,495908489.0,3314827.0,3051491.0,204432.0
756,859,8/1/2018 0:00,2983033.0,622165201.0,3561821.0,3313250.0,192110.0
757,858,7/1/2018 0:00,3063808.0,655798387.0,3537038.0,3170620.0,192013.0
758,857,6/1/2018 0:00,2910516.0,600475156.0,3430809.0,3141882.0,188695.0
759,856,5/1/2018 0:00,2794122.0,556052014.0,3495513.0,3289612.0,189787.0
760,855,4/1/2018 0:00,2595973.0,502623911.0,3398092.0,3138092.0,177238.0
761,854,3/1/2018 0:00,2566889.0,507584752.0,3380368.0,3253429.0,192729.0
762,853,2/1/2018 0:00,2162715.0,397611189.0,3124006.0,2891269.0,162523.0
763,852,1/1/2018 0:00,2308715.0,438710211.0,3428324.0,3222581.0,174582.0
764,851,12/1/2017 0:00,2685874.0,558435738.0,3426697.0,2992572.0,173430.0
765,850,11/1/2017 0:00,2805180.0,552222667.0,3371702.0,3160305.0,174755.0
766,849,10/1/2017 0:00,2788447.0,544835510.0,3486367.0,3352708.0,180924.0
767,848,9/1/2017 0:00,2604788.0,511006011.0,3335568.0,3160709.0,198213.0
768,847,8/1/2017 0:00,2943592.0,628885839.0,3504171.0,3396425.0,192000.0
769,846,7/1/2017 0:00,3012988.0,667515087.0,3475556.0,3173703.0,191217.0
770,845,6/1/2017 0:00,2939540.0,636313142.0,3445197.0,3277866.0,187714.0
771,844,5/1/2017 0:00,2822981.0,574606036.0,3487216.0,3345829.0,188425.0
772,843,4/1/2017 0:00,2764389.0,561148298.0,3342228.0,3156697.0,190095.0
773,842,3/1/2017 0:00,2659548.0,530748447.0,3464598.0,3410941.0,196791.0
774,841,2/1/2017 0:00,2153891.0,405865664.0,3121837.0,2921855.0,164751.0
775,840,1/1/2017 0:00,2330923.0,458016423.0,3432608.0,3215098.0,177548.0
776,839,12/1/2016 0:00,2676894.0,562539179.0,3507901.0,3044631.0,180597.0
777,838,11/1/2016 0:00,2714255.0,541014515.0,3444562.0,3139114.0,179751.0
778,837,10/1/2016 0:00,2619410.0,515715563.0,3458986.0,3313513.0,186990.0
779,836,9/1/2016 0:00,2641410.0,529746419.0,3371411.0,3221852.0,203411.0
780,835,8/1/2016 0:00,2878610.0,622399656.0,3497508.0,3415722.0,195709.0
781,834,7/1/2016 0:00,3055054.0,681258622.0,3479641.0,3184975.0,199499.0
782,833,6/1/2016 0:00,2873730.0,624827889.0,3386323.0,3346761.0,197954.0
783,832,5/1/2016 0:00,2773454.0,571922265.0,3465594.0,3388908.0,201004.0
784,831,4/1/2016 0:00,2540725.0,512433020.0,3345959.0,3324587.0,201637.0
785,830,3/1/2016 0:00,2730170.0,555131660.0,3465504.0,3424773.0,191418.0
786,829,2/1/2016 0:00,2217808.0,425393477.0,3226757.0,3146006.0,190307.0
787,828,1/1/2016 0:00,2182579.0,443214812.0,3348646.0,3217713.0,188020.0
788,827,12/1/2015 0:00,2586422.0,561992627.0,3412727.0,3198897.0,188135.0
789,826,11/1/2015 0:00,2649324.0,538968201.0,3312949.0,3166559.0,188820.0
790,825,10/1/2015 0:00,2638375.0,523223360.0,3437979.0,3492242.0,199395.0
791,824,9/1/2015 0:00,2522953.0,519017227.0,3411361.0,3344550.0,197278.0
792,823,8/1/2015 0:00,2814865.0,627586111.0,3508754.0,3377963.0,200671.0
793,822,7/1/2015 0:00,2987128.0,680358542.0,3530697.0,3468209.0,200614.0
794,821,6/1/2015 0:00,2798343.0,620954019.0,3421147.0,3445368.0,201226.0
795,820,5/1/2015 0:00,2534363.0,539871332.0,3530957.0,3356582.0,216237.0
796,819,4/1/2015 0:00,2625765.0,541203782.0,3376328.0,3362867.0,192878.0
797,818,3/1/2015 0:00,2679096.0,556689651.0,3452210.0,3449427.0,193652.0
798,817,2/1/2015 0:00,2167689.0,430056703.0,3163862.0,3032522.0,189071.0
799,816,1/1/2015 0:00,2194509.0,458200128.0,3406940.0,3260091.0,181864.0
800,815,12/1/2014 0:00,2658904.0,587913029.0,3426322.0,3176421.0,191291.0
801,814,11/1/2014 0:00,2668465.0,546544981.0,3336679.0,3111840.0,193036.0
802,813,10/1/2014 0:00,2704061.0,554539946.0,3502663.0,3576941.0,208850.0
803,812,9/1/2014 0:00,2571623.0,540029397.0,3544931.0,3364598.0,188884.0
804,811,8/1/2014 0:00,2928658.0,649665562.0,3600640.0,3376944.0,191436.0
805,810,7/1/2014 0:00,2970213.0,672539892.0,3604475.0,3455397.0,192326.0
806,809,6/1/2014 0:00,2802647.0,624637290.0,3503581.0,3378785.0,196924.0
807,808,5/1/2014 0:00,2746886.0,581325298.0,3597399.0,3481420.0,208164.0
808,807,4/1/2014 0:00,2594901.0,545773080.0,3460995.0,3391032.0,187309.0
809,806,3/1/2014 0:00,2579356.0,542911331.0,3494065.0,3407824.0,174214.0
810,805,2/1/2014 0:00,2094114.0,424362057.0,3137342.0,3082904.0,160953.0
811,804,1/1/2014 0:00,2207290.0,466418567.0,3438223.0,3405628.0,188489.0
812,803,12/1/2013 0:00,2714676.0,604977613.0,3541085.0,3134233.0,187520.0
813,802,11/1/2013 0:00,2551403.0,519835331.0,3415824.0,3215963.0,197024.0
814,801,10/1/2013 0:00,2981487.0,674078738.0,3583717.0,3569455.0,185412.0
815,800,9/1/2013 0:00,3000209.0,676533520.0,3612251.0,3341962.0,190766.0
816,799,8/1/2013 0:00,3022917.0,678920983.0,3635022.0,3465110.0,195728.0
817,798,7/1/2013 0:00,2954693.0,681357191.0,3634796.0,3454988.0,195994.0
818,797,6/1/2013 0:00,2839089.0,638602721.0,3509052.0,3348985.0,191586.0
819,796,5/1/2013 0:00,2816920.0,598536892.0,3623355.0,3556884.0,209991.0
820,795,4/1/2013 0:00,2817093.0,603515708.0,3586955.0,3431319.0,185816.0
821,794,3/1/2013 0:00,2820053.0,604193668.0,3586355.0,3352597.0,187680.0
822,793,2/1/2013 0:00,2218372.0,448821441.0,3204826.0,3059646.0,174029.0
823,792,1/1/2013 0:00,2605070.0,577032191.0,3514412.0,3405041.0,186378.0
824,791,12/1/2012 0:00,2606922.0,577219034.0,3541030.0,3050809.0,205195.0
825,790,11/1/2012 0:00,2560074.0,534831976.0,3433807.0,3257306.0,224069.0
826,789,10/1/2012 0:00,2597751.0,539910016.0,3494044.0,3468146.0,206106.0
827,788,9/1/2012 0:00,2505925.0,533542490.0,3432738.0,3219452.0,200992.0
828,787,8/1/2012 0:00,2807309.0,639545067.0,3628589.0,3537020.0,211055.0
829,786,7/1/2012 0:00,2819009.0,663965533.0,3590865.0,3386646.0,217054.0
830,785,6/1/2012 0:00,2792266.0,642263746.0,3505967.0,3429270.0,228275.0
831,784,5/1/2012 0:00,2752096.0,594778477.0,3605391.0,3494340.0,211503.0
832,783,4/1/2012 0:00,2765051.0,585609840.0,3441450.0,3309424.0,200910.0
833,782,3/1/2012 0:00,2766401.0,544100123.0,3518787.0,3483259.0,209556.0
834,781,2/1/2012 0:00,2232285.0,461139329.0,3309668.0,3201458.0,201495.0
835,780,1/1/2012 0:00,2224842.0,463005361.0,3562085.0,3340880.0,210871.0
836,779,12/1/2011 0:00,2516685.0,557374424.0,3554044.0,3205844.0,242939.0
837,778,11/1/2011 0:00,2631848.0,552477847.0,3436879.0,3338743.0,212351.0
838,777,10/1/2011 0:00,2390414.0,543403112.0,3572176.0,3489930.0,222123.0
839,776,9/1/2011 0:00,2537282.0,509094731.0,3448614.0,3435574.0,216987.0
840,775,8/1/2011 0:00,2754574.0,581116991.0,3476455.0,3603128.0,218846.0
841,774,7/1/2011 0:00,2931813.0,632786423.0,3595073.0,3458617.0,239646.0
842,773,6/1/2011 0:00,2844286.0,595163810.0,3485629.0,3516530.0,210329.0
843,772,5/1/2011 0:00,2707136.0,584806522.0,3575208.0,3501895.0,214988.0
844,771,4/1/2011 0:00,2689904.0,572508869.0,3449722.0,3365734.0,208030.0
845,770,3/1/2011 0:00,2612362.0,566357389.0,3588882.0,3619644.0,214425.0
846,769,2/1/2011 0:00,2099631.0,436196722.0,3191996.0,3152260.0,197663.0
847,768,1/1/2011 0:00,2126847.0,456336772.0,3528530.0,3429673.0,203435.0
848,767,12/1/2010 0:00,2505001.0,558069744.0,3569982.0,3376318.0,232294.0
849,766,11/1/2010 0:00,2541469.0,528519429.0,3465170.0,3334575.0,218258.0
850,765,10/1/2010 0:00,2542494.0,531024449.0,3579201.0,3523077.0,220455.0
851,764,9/1/2010 0:00,2300632.0,497091526.0,3470407.0,3456769.0,213064.0
852,763,8/1/2010 0:00,2574165.0,597056638.0,3616066.0,3561651.0,218240.0
853,762,7/1/2010 0:00,2805798.0,669880427.0,3616853.0,3527738.0,244242.0
854,761,6/1/2010 0:00,2593688.0,604206171.0,3494704.0,3539687.0,219803.0
855,760,5/1/2010 0:00,2503651.0,544408276.0,3518013.0,3451013.0,209347.0
856,759,4/1/2010 0:00,2446113.0,520013629.0,3451608.0,3478591.0,205893.0
857,758,3/1/2010 0:00,2474908.0,538675366.0,3560237.0,3629837.0,212974.0
858,757,2/1/2010 0:00,1951901.0,405905875.0,3088012.0,3122066.0,192744.0
859,756,1/1/2010 0:00,2032892.0,440854078.0,3521094.0,3377882.0,225554.0
860,755,12/1/2009 0:00,2395277.0,537980573.0,3529260.0,3264600.0,226685.0
861,754,11/1/2009 0:00,2390149.0,498855768.0,3445180.0,3191214.0,219605.0
862,753,10/1/2009 0:00,2379080.0,493132875.0,3576429.0,3474911.0,232245.0
863,752,9/1/2009 0:00,2179662.0,462787005.0,3436159.0,3340667.0,220257.0
864,751,8/1/2009 0:00,2520906.0,582302101.0,3571055.0,3360872.0,237125.0
865,750,7/1/2009 0:00,2557381.0,596670353.0,3620025.0,3518664.0,260880.0
866,749,6/1/2009 0:00,2378540.0,542873119.0,3468903.0,3371421.0,229614.0
867,748,5/1/2009 0:00,2344393.0,494908098.0,4136079.0,3244322.0,227822.0
868,747,4/1/2009 0:00,2271283.0,469783200.0,3423245.0,3257856.0,223868.0
869,746,3/1/2009 0:00,2182251.0,456227991.0,3516742.0,3306315.0,231057.0
870,745,2/1/2009 0:00,1850090.0,376710497.0,3181921.0,2924185.0,212344.0
871,744,1/1/2009 0:00,1978924.0,419766348.0,4108554.0,3243862.0,247170.0
872,743,12/1/2008 0:00,2285949.0,511270950.0,3483401.0,3067198.0,230017.0
873,742,11/1/2008 0:00,2326111.0,484492078.0,3387137.0,2957053.0,218665.0
874,741,10/1/2008 0:00,2442790.0,517898247.0,3511001.0,3374326.0,234170.0
875,740,9/1/2008 0:00,2322511.0,500634771.0,3348813.0,3201517.0,221348.0
876,739,8/1/2008 0:00,2756141.0,620188551.0,3518955.0,3314557.0,260328.0
877,738,7/1/2008 0:00,2796007.0,645144911.0,3531821.0,3310377.0,233653.0
878,737,6/1/2008 0:00,2598974.0,580290736.0,3430792.0,3241677.0,229177.0
879,736,5/1/2008 0:00,2593835.0,550928592.0,3497372.0,3258385.0,230300.0
880,735,4/1/2008 0:00,2320765.0,473811702.0,3392761.0,3265196.0,222564.0
881,734,3/1/2008 0:00,2426487.0,504552405.0,3473707.0,3175595.0,229366.0
882,733,2/1/2008 0:00,2029844.0,395912010.0,3257992.0,3035762.0,235165.0
883,732,1/1/2008 0:00,2005292.0,416211470.0,3417775.0,3221099.0,194991.0
